GAME_DATE_EST,GAME_ID,TEAM_ABBREVIATION,PTS,H
2010-10-26T00:00:00,21000001,BOS,88,H
2010-10-26T00:00:00,21000001,MIA,80,A
2010-10-26T00:00:00,21000002,POR,106,H
2010-10-26T00:00:00,21000002,PHX,92,A
2010-10-26T00:00:00,21000003,LAL,112,H
2010-10-26T00:00:00,21000003,HOU,110,A
2010-10-27T00:00:00,21000004,CLE,95,H
2010-10-27T00:00:00,21000004,BOS,87,A
2010-10-27T00:00:00,21000005,NJN,101,H
2010-10-27T00:00:00,21000005,DET,98,A
2010-10-27T00:00:00,21000006,PHI,87,H
2010-10-27T00:00:00,21000006,MIA,97,A
2010-10-27T00:00:00,21000007,TOR,93,H
2010-10-27T00:00:00,21000007,NYK,98,A
2010-10-27T00:00:00,21000008,MEM,104,H
2010-10-27T00:00:00,21000008,ATL,119,A
2010-10-27T00:00:00,21000009,MIN,116,H
2010-10-27T00:00:00,21000009,SAC,117,A
2010-10-27T00:00:00,21000010,NOH,95,H
2010-10-27T00:00:00,21000010,MIL,91,A
2010-10-27T00:00:00,21000011,OKC,106,H
2010-10-27T00:00:00,21000011,CHI,95,A
2010-10-27T00:00:00,21000012,DAL,101,H
2010-10-27T00:00:00,21000012,CHA,86,A
2010-10-27T00:00:00,21000013,SAS,122,H
2010-10-27T00:00:00,21000013,IND,109,A
2010-10-27T00:00:00,21000014,DEN,110,H
2010-10-27T00:00:00,21000014,UTA,88,A
2010-10-27T00:00:00,21000015,GSW,132,H
2010-10-27T00:00:00,21000015,HOU,128,A
2010-10-27T00:00:00,21000016,LAC,88,H
2010-10-27T00:00:00,21000016,POR,98,A
2010-10-28T00:00:00,21000017,ORL,112,H
2010-10-28T00:00:00,21000017,WAS,83,A
2010-10-28T00:00:00,21000018,UTA,94,H
2010-10-28T00:00:00,21000018,PHX,110,A
2010-10-29T00:00:00,21000019,CHA,101,H
2010-10-29T00:00:00,21000019,IND,104,A
2010-10-29T00:00:00,21000020,NJN,106,H
2010-10-29T00:00:00,21000020,SAC,100,A
2010-10-29T00:00:00,21000021,PHI,101,H
2010-10-29T00:00:00,21000021,ATL,104,A
2010-10-29T00:00:00,21000022,TOR,101,H
2010-10-29T00:00:00,21000022,CLE,81,A
2010-10-29T00:00:00,21000023,BOS,105,H
2010-10-29T00:00:00,21000023,NYK,101,A
2010-10-29T00:00:00,21000024,DET,104,H
2010-10-29T00:00:00,21000024,OKC,105,A
2010-10-29T00:00:00,21000025,MIA,96,H
2010-10-29T00:00:00,21000025,ORL,70,A
2010-10-29T00:00:00,21000026,MIN,96,H
2010-10-29T00:00:00,21000026,MIL,85,A
2010-10-29T00:00:00,21000027,NOH,101,H
2010-10-29T00:00:00,21000027,DEN,95,A
2010-10-29T00:00:00,21000028,DAL,90,H
2010-10-29T00:00:00,21000028,MEM,91,A
2010-10-29T00:00:00,21000029,GSW,109,H
2010-10-29T00:00:00,21000029,LAC,91,A
2010-10-29T00:00:00,21000030,PHX,106,H
2010-10-29T00:00:00,21000030,LAL,114,A
2010-10-30T00:00:00,21000031,ATL,99,H
2010-10-30T00:00:00,21000031,WAS,95,A
2010-10-30T00:00:00,21000032,CLE,104,H
2010-10-30T00:00:00,21000032,SAC,107,A
2010-10-30T00:00:00,21000033,NYK,95,H
2010-10-30T00:00:00,21000033,POR,100,A
2010-10-30T00:00:00,21000034,IND,99,H
2010-10-30T00:00:00,21000034,PHI,86,A
2010-10-30T00:00:00,21000035,CHI,101,H
2010-10-30T00:00:00,21000035,DET,91,A
2010-10-30T00:00:00,21000036,MEM,109,H
2010-10-30T00:00:00,21000036,MIN,89,A
2010-10-30T00:00:00,21000037,HOU,94,H
2010-10-30T00:00:00,21000037,DEN,107,A
2010-10-30T00:00:00,21000038,MIL,98,H
2010-10-30T00:00:00,21000038,CHA,88,A
2010-10-31T00:00:00,21000043,LAL,107,H
2010-10-31T00:00:00,21000043,GSW,83,A
2010-11-01T00:00:00,21000044,CHI,110,H
2010-11-01T00:00:00,21000044,POR,98,A
2010-11-01T00:00:00,21000045,SAC,111,H
2010-11-01T00:00:00,21000045,TOR,108,A
2010-11-01T00:00:00,21000046,LAC,88,H
2010-11-01T00:00:00,21000046,SAS,97,A
2010-11-02T00:00:00,21000047,CLE,88,H
2010-11-02T00:00:00,21000047,ATL,100,A
2010-11-02T00:00:00,21000048,WAS,116,H
2010-11-02T00:00:00,21000048,PHI,115,A
2010-11-02T00:00:00,21000049,DET,86,H
2010-11-02T00:00:00,21000049,BOS,109,A
2010-11-02T00:00:00,21000050,MIA,129,H
2010-11-02T00:00:00,21000050,MIN,97,A
2011-03-28T00:00:00,21000051,NYK,113,H
2011-03-28T00:00:00,21000051,ORL,106,A
2010-11-02T00:00:00,21000052,MIL,76,H
2010-11-02T00:00:00,21000052,POR,90,A
2010-11-02T00:00:00,21000053,LAL,124,H
2010-11-02T00:00:00,21000053,MEM,105,A
2010-11-03T00:00:00,21000054,ATL,94,H
2010-11-03T00:00:00,21000054,DET,85,A
2010-11-03T00:00:00,21000055,NJN,83,H
2010-11-03T00:00:00,21000055,CHA,85,A
2010-11-03T00:00:00,21000056,ORL,128,H
2010-11-03T00:00:00,21000056,MIN,86,A
2010-11-03T00:00:00,21000057,PHI,101,H
2010-11-03T00:00:00,21000057,IND,75,A
2010-11-03T00:00:00,21000058,BOS,105,H
2010-11-03T00:00:00,21000058,MIL,102,A
2010-11-03T00:00:00,21000059,HOU,99,H
2010-11-03T00:00:00,21000059,NOH,107,A
2010-11-03T00:00:00,21000060,DEN,101,H
2010-11-03T00:00:00,21000060,DAL,102,A
2010-11-03T00:00:00,21000061,UTA,125,H
2010-11-03T00:00:00,21000061,TOR,108,A
2010-11-03T00:00:00,21000062,PHX,110,H
2010-11-03T00:00:00,21000062,SAS,112,A
2010-11-03T00:00:00,21000063,GSW,115,H
2010-11-03T00:00:00,21000063,MEM,109,A
2010-11-03T00:00:00,21000064,LAC,107,H
2010-11-03T00:00:00,21000064,OKC,92,A
2010-11-03T00:00:00,21000065,SAC,100,H
2010-11-03T00:00:00,21000065,LAL,112,A
2010-11-04T00:00:00,21000066,CHI,112,H
2010-11-04T00:00:00,21000066,NYK,120,A
2010-11-04T00:00:00,21000067,POR,106,H
2010-11-04T00:00:00,21000067,OKC,107,A
2010-11-05T00:00:00,21000068,IND,90,H
2010-11-05T00:00:00,21000068,MIL,94,A
2010-11-05T00:00:00,21000069,ORL,105,H
2010-11-05T00:00:00,21000069,NJN,90,A
2010-11-05T00:00:00,21000070,PHI,116,H
2010-11-05T00:00:00,21000070,CLE,123,A
2010-11-05T00:00:00,21000071,DET,97,H
2010-11-05T00:00:00,21000071,CHA,90,A
2010-11-05T00:00:00,21000072,NYK,112,H
2010-11-05T00:00:00,21000072,WAS,91,A
2010-11-05T00:00:00,21000073,BOS,110,H
2010-11-05T00:00:00,21000073,CHI,105,A
2010-11-05T00:00:00,21000074,MIN,103,H
2010-11-05T00:00:00,21000074,ATL,113,A
2010-11-05T00:00:00,21000075,NOH,96,H
2010-11-05T00:00:00,21000075,MIA,93,A
2010-11-05T00:00:00,21000076,PHX,123,H
2010-11-05T00:00:00,21000076,MEM,118,A
2010-11-05T00:00:00,21000077,DEN,111,H
2010-11-05T00:00:00,21000077,LAC,104,A
2010-11-05T00:00:00,21000078,GSW,85,H
2010-11-05T00:00:00,21000078,UTA,78,A
2010-11-05T00:00:00,21000079,LAL,108,H
2010-11-05T00:00:00,21000079,TOR,103,A
2010-11-06T00:00:00,21000080,CHA,88,H
2010-11-06T00:00:00,21000080,ORL,91,A
2010-11-06T00:00:00,21000081,WAS,102,H
2010-11-06T00:00:00,21000081,CLE,107,A
2010-11-06T00:00:00,21000082,MIA,101,H
2010-11-06T00:00:00,21000082,NJN,89,A
2010-11-06T00:00:00,21000083,MIL,81,H
2010-11-06T00:00:00,21000083,NOH,87,A
2010-11-06T00:00:00,21000084,SAS,124,H
2010-11-06T00:00:00,21000084,HOU,121,A
2010-11-06T00:00:00,21000085,DAL,92,H
2010-11-06T00:00:00,21000085,DEN,103,A
2010-11-06T00:00:00,21000086,UTA,109,H
2010-11-06T00:00:00,21000086,LAC,107,A
2010-11-06T00:00:00,21000087,POR,97,H
2010-11-06T00:00:00,21000087,TOR,84,A
2010-11-06T00:00:00,21000088,SAC,91,H
2010-11-06T00:00:00,21000088,MEM,100,A
2010-11-07T00:00:00,21000089,NYK,96,H
2010-11-07T00:00:00,21000089,PHI,106,A
2010-11-07T00:00:00,21000090,ATL,114,H
2010-11-07T00:00:00,21000090,PHX,118,A
2010-11-07T00:00:00,21000091,DET,102,H
2010-11-07T00:00:00,21000091,GSW,97,A
2010-11-07T00:00:00,21000092,HOU,120,H
2010-11-07T00:00:00,21000092,MIN,94,A
2010-11-07T00:00:00,21000093,OKC,83,H
2010-11-07T00:00:00,21000093,BOS,92,A
2010-11-07T00:00:00,21000094,LAL,121,H
2010-11-07T00:00:00,21000094,POR,96,A
2010-11-08T00:00:00,21000095,CHA,91,H
2010-11-08T00:00:00,21000095,SAS,95,A
2010-11-08T00:00:00,21000096,ORL,93,H
2010-11-08T00:00:00,21000096,ATL,89,A
2010-11-08T00:00:00,21000097,TOR,102,H
2010-11-08T00:00:00,21000097,GSW,109,A
2010-11-08T00:00:00,21000098,CHI,94,H
2010-11-08T00:00:00,21000098,DEN,92,A
2010-11-08T00:00:00,21000099,MEM,109,H
2010-11-08T00:00:00,21000099,PHX,99,A
2010-11-08T00:00:00,21000100,DAL,89,H
2010-11-08T00:00:00,21000100,BOS,87,A
2010-11-09T00:00:00,21000101,IND,144,H
2010-11-09T00:00:00,21000101,DEN,113,A
2010-11-09T00:00:00,21000102,NJN,91,H
2010-11-09T00:00:00,21000102,CLE,93,A
2010-11-09T00:00:00,21000103,MIA,114,H
2010-11-09T00:00:00,21000103,UTA,116,A
2010-11-09T00:00:00,21000104,MIL,107,H
2010-11-09T00:00:00,21000104,NYK,80,A
2010-11-09T00:00:00,21000105,NOH,101,H
2010-11-09T00:00:00,21000105,LAC,82,A
2010-11-09T00:00:00,21000106,POR,100,H
2010-11-09T00:00:00,21000106,DET,78,A
2010-11-09T00:00:00,21000107,LAL,99,H
2010-11-09T00:00:00,21000107,MIN,94,A
2010-11-10T00:00:00,21000108,ATL,91,H
2010-11-10T00:00:00,21000108,MIL,108,A
2010-11-10T00:00:00,21000109,ORL,94,H
2010-11-10T00:00:00,21000109,UTA,104,A
2010-11-10T00:00:00,21000110,TOR,96,H
2010-11-10T00:00:00,21000110,CHA,101,A
2010-11-10T00:00:00,21000111,WAS,98,H
2010-11-10T00:00:00,21000111,HOU,91,A
2010-11-10T00:00:00,21000112,CLE,87,H
2010-11-10T00:00:00,21000112,NJN,95,A
2010-11-10T00:00:00,21000113,NYK,117,H
2010-11-10T00:00:00,21000113,GSW,122,A
2010-11-10T00:00:00,21000114,MEM,91,H
2010-11-10T00:00:00,21000114,DAL,106,A
2010-11-10T00:00:00,21000115,OKC,109,H
2010-11-10T00:00:00,21000115,PHI,103,A
2010-11-10T00:00:00,21000116,SAS,107,H
2010-11-10T00:00:00,21000116,LAC,95,A
2010-11-10T00:00:00,21000117,SAC,89,H
2010-11-10T00:00:00,21000117,MIN,98,A
2010-11-11T00:00:00,21000118,MIA,107,H
2010-11-11T00:00:00,21000118,BOS,112,A
2010-11-11T00:00:00,21000119,CHI,120,H
2010-11-11T00:00:00,21000119,GSW,90,A
2010-11-11T00:00:00,21000120,DEN,118,H
2010-11-11T00:00:00,21000120,LAL,112,A
2010-11-12T00:00:00,21000121,ATL,86,H
2010-11-12T00:00:00,21000121,UTA,90,A
2010-11-12T00:00:00,21000122,IND,99,H
2010-11-12T00:00:00,21000122,HOU,102,A
2010-11-12T00:00:00,21000123,ORL,106,H
2010-11-12T00:00:00,21000123,TOR,110,A
2010-11-12T00:00:00,21000124,WAS,85,H
2010-11-12T00:00:00,21000124,CHA,93,A
2010-11-12T00:00:00,21000125,MIN,112,H
2010-11-12T00:00:00,21000125,NYK,103,A
2010-11-12T00:00:00,21000126,DAL,99,H
2010-11-12T00:00:00,21000126,PHI,90,A
2010-11-12T00:00:00,21000127,PHX,103,H
2010-11-12T00:00:00,21000127,SAC,89,A
2010-11-12T00:00:00,21000128,OKC,110,H
2010-11-12T00:00:00,21000128,POR,108,A
2010-11-12T00:00:00,21000129,LAC,107,H
2010-11-12T00:00:00,21000129,DET,113,A
2010-11-13T00:00:00,21000130,CHA,95,H
2010-11-13T00:00:00,21000130,UTA,96,A
2010-11-13T00:00:00,21000131,NJN,90,H
2010-11-13T00:00:00,21000131,ORL,91,A
2010-11-13T00:00:00,21000132,CLE,85,H
2010-11-13T00:00:00,21000132,IND,99,A
2010-11-13T00:00:00,21000133,MIA,109,H
2010-11-13T00:00:00,21000133,TOR,100,A
2010-11-13T00:00:00,21000134,CHI,103,H
2010-11-13T00:00:00,21000134,WAS,96,A
2010-11-13T00:00:00,21000135,MEM,110,H
2010-11-13T00:00:00,21000135,BOS,116,A
2010-11-13T00:00:00,21000136,NOH,107,H
2010-11-13T00:00:00,21000136,POR,87,A
2010-11-13T00:00:00,21000137,MIL,79,H
2010-11-13T00:00:00,21000137,GSW,72,A
2010-11-13T00:00:00,21000138,SAS,116,H
2010-11-13T00:00:00,21000138,PHI,93,A
2010-11-14T00:00:00,21000139,ATL,111,H
2010-11-14T00:00:00,21000139,MIN,105,A
2010-11-14T00:00:00,21000140,SAC,94,H
2010-11-14T00:00:00,21000140,DET,100,A
2010-11-14T00:00:00,21000141,OKC,104,H
2010-11-14T00:00:00,21000141,SAS,117,A
2010-11-14T00:00:00,21000142,NYK,96,H
2010-11-14T00:00:00,21000142,HOU,104,A
2010-11-14T00:00:00,21000143,LAL,116,H
2010-11-14T00:00:00,21000143,PHX,121,A
2010-11-15T00:00:00,21000144,CHA,113,H
2010-11-15T00:00:00,21000144,MIN,110,A
2010-11-15T00:00:00,21000145,ORL,89,H
2010-11-15T00:00:00,21000145,MEM,72,A
2010-11-15T00:00:00,21000146,DAL,98,H
2010-11-15T00:00:00,21000146,NOH,95,A
2010-11-15T00:00:00,21000147,PHX,100,H
2010-11-15T00:00:00,21000147,DEN,94,A
2010-11-15T00:00:00,21000148,UTA,108,H
2010-11-15T00:00:00,21000148,OKC,115,A
2010-11-15T00:00:00,21000149,GSW,101,H
2010-11-15T00:00:00,21000149,DET,97,A
2010-11-15T00:00:00,21000150,LAC,96,H
2010-11-15T00:00:00,21000150,NJN,110,A
2010-11-16T00:00:00,21000151,CLE,101,H
2010-11-16T00:00:00,21000151,PHI,93,A
2010-11-16T00:00:00,21000152,IND,92,H
2010-11-16T00:00:00,21000152,ATL,102,A
2010-11-16T00:00:00,21000153,WAS,109,H
2010-11-16T00:00:00,21000153,TOR,94,A
2010-11-16T00:00:00,21000154,MEM,99,H
2010-11-16T00:00:00,21000154,POR,100,A
2010-11-16T00:00:00,21000155,MIL,107,H
2010-11-16T00:00:00,21000155,LAL,118,A
2010-11-16T00:00:00,21000156,HOU,92,H
2010-11-16T00:00:00,21000156,CHI,95,A
2010-11-16T00:00:00,21000157,DEN,120,H
2010-11-16T00:00:00,21000157,NYK,118,A
2010-11-17T00:00:00,21000158,MIA,123,H
2010-11-17T00:00:00,21000158,PHX,96,A
2010-11-17T00:00:00,21000159,PHI,86,H
2010-11-17T00:00:00,21000159,TOR,94,A
2010-11-17T00:00:00,21000160,BOS,114,H
2010-11-17T00:00:00,21000160,WAS,83,A
2010-11-17T00:00:00,21000161,DET,90,H
2010-11-17T00:00:00,21000161,LAL,103,A
2010-11-17T00:00:00,21000162,MIN,113,H
2010-11-17T00:00:00,21000162,LAC,111,A
2010-11-17T00:00:00,21000163,NOH,99,H
2010-11-17T00:00:00,21000163,DAL,97,A
2010-11-17T00:00:00,21000164,OKC,116,H
2010-11-17T00:00:00,21000164,HOU,99,A
2010-11-17T00:00:00,21000165,UTA,98,H
2010-11-17T00:00:00,21000165,NJN,88,A
2010-11-17T00:00:00,21000166,SAS,103,H
2010-11-17T00:00:00,21000166,CHI,94,A
2010-11-17T00:00:00,21000167,SAC,106,H
2010-11-17T00:00:00,21000167,NYK,113,A
2010-11-18T00:00:00,21000168,IND,107,H
2010-11-18T00:00:00,21000168,LAC,80,A
2010-11-18T00:00:00,21000169,ORL,105,H
2010-11-18T00:00:00,21000169,PHX,89,A
2010-11-18T00:00:00,21000170,POR,86,H
2010-11-18T00:00:00,21000170,DEN,83,A
2010-11-19T00:00:00,21000171,BOS,84,H
2010-11-19T00:00:00,21000171,OKC,89,A
2010-11-19T00:00:00,21000172,PHI,90,H
2010-11-19T00:00:00,21000172,MIL,79,A
2010-11-19T00:00:00,21000173,TOR,106,H
2010-11-19T00:00:00,21000173,HOU,96,A
2010-11-19T00:00:00,21000174,WAS,89,H
2010-11-19T00:00:00,21000174,MEM,86,A
2010-11-19T00:00:00,21000175,MIA,95,H
2010-11-19T00:00:00,21000175,CHA,87,A
2010-11-19T00:00:00,21000176,MIN,95,H
2010-11-19T00:00:00,21000176,LAL,112,A
2010-11-19T00:00:00,21000177,NOH,108,H
2010-11-19T00:00:00,21000177,CLE,101,A
2010-11-19T00:00:00,21000178,UTA,82,H
2010-11-19T00:00:00,21000178,SAS,94,A
2010-11-19T00:00:00,21000179,DAL,83,H
2010-11-19T00:00:00,21000179,CHI,88,A
2010-11-19T00:00:00,21000180,SAC,86,H
2010-11-19T00:00:00,21000180,NJN,81,A
2010-11-19T00:00:00,21000181,GSW,119,H
2010-11-19T00:00:00,21000181,NYK,125,A
2010-11-20T00:00:00,21000182,CHA,123,H
2010-11-20T00:00:00,21000182,PHX,105,A
2010-11-20T00:00:00,21000183,IND,86,H
2010-11-20T00:00:00,21000183,ORL,90,A
2010-11-20T00:00:00,21000184,ATL,93,H
2010-11-20T00:00:00,21000184,DAL,98,A
2010-11-20T00:00:00,21000185,MEM,97,H
2010-11-20T00:00:00,21000185,MIA,95,A
2010-11-20T00:00:00,21000186,MIL,81,H
2010-11-20T00:00:00,21000186,OKC,82,A
2010-11-20T00:00:00,21000187,SAS,116,H
2010-11-20T00:00:00,21000187,CLE,92,A
2010-11-20T00:00:00,21000188,DEN,107,H
2010-11-20T00:00:00,21000188,NJN,103,A
2010-11-20T00:00:00,21000189,POR,94,H
2010-11-20T00:00:00,21000189,UTA,103,A
2010-11-20T00:00:00,21000190,LAC,115,H
2010-11-20T00:00:00,21000190,NYK,124,A
2010-11-21T00:00:00,21000191,TOR,102,H
2010-11-21T00:00:00,21000191,BOS,101,A
2010-11-21T00:00:00,21000192,DET,115,H
2010-11-21T00:00:00,21000192,WAS,110,A
2010-11-21T00:00:00,21000193,SAC,71,H
2010-11-21T00:00:00,21000193,NOH,75,A
2010-11-21T00:00:00,21000194,LAL,117,H
2010-11-21T00:00:00,21000194,GSW,89,A
2010-11-22T00:00:00,21000195,ATL,76,H
2010-11-22T00:00:00,21000195,BOS,99,A
2010-11-22T00:00:00,21000196,MIA,77,H
2010-11-22T00:00:00,21000196,IND,93,A
2010-11-22T00:00:00,21000197,OKC,117,H
2010-11-22T00:00:00,21000197,MIN,107,A
2010-11-22T00:00:00,21000198,HOU,116,H
2010-11-22T00:00:00,21000198,PHX,123,A
2010-11-22T00:00:00,21000199,SAS,106,H
2010-11-22T00:00:00,21000199,ORL,97,A
2010-11-22T00:00:00,21000200,UTA,94,H
2010-11-22T00:00:00,21000200,SAC,83,A
2010-11-22T00:00:00,21000201,GSW,89,H
2010-11-22T00:00:00,21000201,DEN,106,A
2010-11-22T00:00:00,21000202,LAC,99,H
2010-11-22T00:00:00,21000202,NOH,95,A
2010-11-23T00:00:00,21000203,IND,100,H
2010-11-23T00:00:00,21000203,CLE,89,A
2010-11-23T00:00:00,21000204,NJN,107,H
2010-11-23T00:00:00,21000204,ATL,101,A
2010-11-23T00:00:00,21000205,WAS,116,H
2010-11-23T00:00:00,21000205,PHI,114,A
2010-11-23T00:00:00,21000206,NYK,110,H
2010-11-23T00:00:00,21000206,CHA,107,A
2010-11-23T00:00:00,21000207,DAL,88,H
2010-11-23T00:00:00,21000207,DET,84,A
2010-11-23T00:00:00,21000208,LAL,98,H
2010-11-23T00:00:00,21000208,CHI,91,A
2010-11-24T00:00:00,21000209,CHA,95,H
2010-11-24T00:00:00,21000209,NYK,99,A
2010-11-24T00:00:00,21000210,CLE,83,H
2010-11-24T00:00:00,21000210,MIL,81,A
2010-11-24T00:00:00,21000211,TOR,106,H
2010-11-24T00:00:00,21000211,PHI,90,A
2010-11-24T00:00:00,21000212,BOS,89,H
2010-11-24T00:00:00,21000212,NJN,83,A
2010-11-24T00:00:00,21000213,ORL,104,H
2010-11-24T00:00:00,21000213,MIA,95,A
2010-11-24T00:00:00,21000214,MEM,105,H
2010-11-24T00:00:00,21000214,DET,84,A
2010-11-24T00:00:00,21000215,MIN,109,H
2010-11-24T00:00:00,21000215,SAS,113,A
2010-11-24T00:00:00,21000216,OKC,103,H
2010-11-24T00:00:00,21000216,DAL,111,A
2010-11-24T00:00:00,21000217,HOU,111,H
2010-11-24T00:00:00,21000217,GSW,101,A
2010-11-24T00:00:00,21000218,PHX,115,H
2010-11-24T00:00:00,21000218,CHI,123,A
2010-11-24T00:00:00,21000219,UTA,105,H
2010-11-24T00:00:00,21000219,NOH,87,A
2010-11-25T00:00:00,21000220,ATL,116,H
2010-11-25T00:00:00,21000220,WAS,96,A
2010-11-25T00:00:00,21000221,LAC,100,H
2010-11-25T00:00:00,21000221,SAC,82,A
2010-11-26T00:00:00,21000222,CHA,99,H
2010-11-26T00:00:00,21000222,HOU,89,A
2010-11-26T00:00:00,21000223,ORL,111,H
2010-11-26T00:00:00,21000223,CLE,100,A
2010-11-26T00:00:00,21000224,BOS,110,H
2010-11-26T00:00:00,21000224,TOR,101,A
2010-11-26T00:00:00,21000225,DET,103,H
2010-11-26T00:00:00,21000225,MIL,89,A
2010-11-26T00:00:00,21000226,MIA,99,H
2010-11-26T00:00:00,21000226,PHI,90,A
2010-11-26T00:00:00,21000227,IND,106,H
2010-11-26T00:00:00,21000227,OKC,110,A
2010-11-26T00:00:00,21000228,SAS,94,H
2010-11-26T00:00:00,21000228,DAL,103,A
2010-11-26T00:00:00,21000229,DEN,98,H
2010-11-26T00:00:00,21000229,CHI,97,A
2010-11-26T00:00:00,21000230,PHX,116,H
2010-11-26T00:00:00,21000230,LAC,108,A
2010-11-26T00:00:00,21000231,UTA,102,H
2010-11-26T00:00:00,21000231,LAL,96,A
2010-11-26T00:00:00,21000232,MEM,116,H
2010-11-26T00:00:00,21000232,GSW,111,A
2010-11-26T00:00:00,21000233,POR,78,H
2010-11-26T00:00:00,21000233,NOH,97,A
2010-11-27T00:00:00,21000234,NYK,90,H
2010-11-27T00:00:00,21000234,ATL,99,A
2010-11-27T00:00:00,21000235,WAS,99,H
2010-11-27T00:00:00,21000235,ORL,100,A
2010-11-27T00:00:00,21000236,CLE,92,H
2010-11-27T00:00:00,21000236,MEM,86,A
2010-11-27T00:00:00,21000237,PHI,102,H
2010-11-27T00:00:00,21000237,NJN,86,A
2010-11-27T00:00:00,21000238,MIN,94,H
2010-11-27T00:00:00,21000238,GSW,104,A
2010-11-27T00:00:00,21000239,DAL,106,H
2010-11-27T00:00:00,21000239,MIA,95,A
2010-11-27T00:00:00,21000240,MIL,104,H
2010-11-27T00:00:00,21000240,CHA,101,A
2010-11-27T00:00:00,21000241,SAC,85,H
2010-11-27T00:00:00,21000241,CHI,96,A
2010-11-28T00:00:00,21000242,TOR,78,H
2010-11-28T00:00:00,21000242,ATL,96,A
2010-11-28T00:00:00,21000243,DET,116,H
2010-11-28T00:00:00,21000243,NYK,125,A
2010-11-28T00:00:00,21000244,NOH,95,H
2010-11-28T00:00:00,21000244,SAS,109,A
2010-11-28T00:00:00,21000245,LAC,97,H
2010-11-28T00:00:00,21000245,UTA,109,A
2010-11-28T00:00:00,21000246,NJN,98,H
2010-11-28T00:00:00,21000246,POR,96,A
2010-11-28T00:00:00,21000247,HOU,99,H
2010-11-28T00:00:00,21000247,OKC,98,A
2010-11-28T00:00:00,21000248,DEN,138,H
2010-11-28T00:00:00,21000248,PHX,133,A
2010-11-28T00:00:00,21000249,LAL,92,H
2010-11-28T00:00:00,21000249,IND,95,A
2010-11-29T00:00:00,21000250,MIA,105,H
2010-11-29T00:00:00,21000250,WAS,94,A
2010-11-29T00:00:00,21000251,OKC,95,H
2010-11-29T00:00:00,21000251,NOH,89,A
2010-11-29T00:00:00,21000252,DAL,101,H
2010-11-29T00:00:00,21000252,HOU,91,A
2010-11-29T00:00:00,21000253,UTA,109,H
2010-11-29T00:00:00,21000253,MIL,88,A
2010-11-30T00:00:00,21000254,CLE,87,H
2010-11-30T00:00:00,21000254,BOS,106,A
2010-11-30T00:00:00,21000255,ORL,90,H
2010-11-30T00:00:00,21000255,DET,79,A
2010-11-30T00:00:00,21000256,PHI,88,H
2010-11-30T00:00:00,21000256,POR,79,A
2010-11-30T00:00:00,21000257,NYK,111,H
2010-11-30T00:00:00,21000257,NJN,100,A
2010-11-30T00:00:00,21000258,MEM,98,H
2010-11-30T00:00:00,21000258,LAL,96,A
2010-11-30T00:00:00,21000259,SAC,98,H
2010-11-30T00:00:00,21000259,IND,107,A
2010-11-30T00:00:00,21000260,GSW,98,H
2010-11-30T00:00:00,21000260,SAS,118,A
2010-12-01T00:00:00,21000261,ATL,112,H
2010-12-01T00:00:00,21000261,MEM,109,A
2010-12-01T00:00:00,21000262,NJN,120,H
2010-12-01T00:00:00,21000262,OKC,123,A
2010-12-01T00:00:00,21000263,TOR,127,H
2010-12-01T00:00:00,21000263,WAS,108,A
2010-12-01T00:00:00,21000264,BOS,99,H
2010-12-01T00:00:00,21000264,POR,95,A
2010-12-01T00:00:00,21000265,MIA,97,H
2010-12-01T00:00:00,21000265,DET,72,A
2010-12-01T00:00:00,21000266,CHI,78,H
2010-12-01T00:00:00,21000266,ORL,107,A
2010-12-01T00:00:00,21000267,NOH,89,H
2010-12-01T00:00:00,21000267,CHA,73,A
2010-12-01T00:00:00,21000268,DAL,100,H
2010-12-01T00:00:00,21000268,MIN,86,A
2010-12-01T00:00:00,21000269,HOU,109,H
2010-12-01T00:00:00,21000269,LAL,99,A
2010-12-01T00:00:00,21000270,DEN,105,H
2010-12-01T00:00:00,21000270,MIL,94,A
2010-12-01T00:00:00,21000271,UTA,110,H
2010-12-01T00:00:00,21000271,IND,88,A
2010-12-01T00:00:00,21000272,LAC,90,H
2010-12-01T00:00:00,21000272,SAS,85,A
2010-12-02T00:00:00,21000273,CLE,90,H
2010-12-02T00:00:00,21000273,MIA,118,A
2010-12-02T00:00:00,21000274,GSW,101,H
2010-12-02T00:00:00,21000274,PHX,107,A
2010-12-03T00:00:00,21000275,CHA,91,H
2010-12-03T00:00:00,21000275,NJN,84,A
2010-12-03T00:00:00,21000276,TOR,111,H
2010-12-03T00:00:00,21000276,OKC,99,A
2010-12-03T00:00:00,21000277,WAS,83,H
2010-12-03T00:00:00,21000277,POR,79,A
2010-12-03T00:00:00,21000278,ATL,93,H
2010-12-03T00:00:00,21000278,PHI,88,A
2010-12-03T00:00:00,21000279,DET,91,H
2010-12-03T00:00:00,21000279,ORL,104,A
2010-12-03T00:00:00,21000280,BOS,104,H
2010-12-03T00:00:00,21000280,CHI,92,A
2010-12-03T00:00:00,21000281,MEM,111,H
2010-12-03T00:00:00,21000281,HOU,127,A
2010-12-03T00:00:00,21000282,NOH,92,H
2010-12-03T00:00:00,21000282,NYK,100,A
2010-12-03T00:00:00,21000283,SAS,107,H
2010-12-03T00:00:00,21000283,MIN,101,A
2010-12-03T00:00:00,21000284,DEN,109,H
2010-12-03T00:00:00,21000284,LAC,104,A
2010-12-03T00:00:00,21000285,PHX,105,H
2010-12-03T00:00:00,21000285,IND,97,A
2010-12-03T00:00:00,21000286,UTA,81,H
2010-12-03T00:00:00,21000286,DAL,93,A
2010-12-03T00:00:00,21000287,LAL,113,H
2010-12-03T00:00:00,21000287,SAC,80,A
2010-12-04T00:00:00,21000288,MIA,89,H
2010-12-04T00:00:00,21000288,ATL,77,A
2010-12-04T00:00:00,21000289,PHI,109,H
2010-12-04T00:00:00,21000289,CHA,91,A
2010-12-04T00:00:00,21000290,CHI,119,H
2010-12-04T00:00:00,21000290,HOU,116,A
2010-12-04T00:00:00,21000291,MIN,129,H
2010-12-04T00:00:00,21000291,CLE,95,A
2010-12-04T00:00:00,21000292,MIL,96,H
2010-12-04T00:00:00,21000292,ORL,85,A
2010-12-04T00:00:00,21000293,SAC,103,H
2010-12-04T00:00:00,21000293,DAL,105,A
2010-12-05T00:00:00,21000294,NJN,75,H
2010-12-05T00:00:00,21000294,BOS,100,A
2010-12-05T00:00:00,21000295,TOR,99,H
2010-12-05T00:00:00,21000295,NYK,116,A
2010-12-05T00:00:00,21000296,DET,102,H
2010-12-05T00:00:00,21000296,CLE,92,A
2010-12-05T00:00:00,21000297,OKC,114,H
2010-12-05T00:00:00,21000297,GSW,109,A
2010-12-05T00:00:00,21000298,SAS,109,H
2010-12-05T00:00:00,21000298,NOH,84,A
2010-12-05T00:00:00,21000299,DEN,108,H
2010-12-05T00:00:00,21000299,MEM,107,A
2010-12-05T00:00:00,21000300,PHX,125,H
2010-12-05T00:00:00,21000300,WAS,108,A
2010-12-05T00:00:00,21000301,POR,100,H
2010-12-05T00:00:00,21000301,LAC,91,A
2010-12-06T00:00:00,21000302,IND,124,H
2010-12-06T00:00:00,21000302,TOR,100,A
2010-12-06T00:00:00,21000303,ORL,74,H
2010-12-06T00:00:00,21000303,ATL,80,A
2010-12-06T00:00:00,21000304,NYK,121,H
2010-12-06T00:00:00,21000304,MIN,114,A
2010-12-06T00:00:00,21000305,CHI,99,H
2010-12-06T00:00:00,21000305,OKC,90,A
2010-12-06T00:00:00,21000306,MIL,78,H
2010-12-06T00:00:00,21000306,MIA,88,A
2010-12-06T00:00:00,21000307,UTA,94,H
2010-12-06T00:00:00,21000307,MEM,85,A
2010-12-06T00:00:00,21000308,LAC,98,H
2010-12-06T00:00:00,21000308,SAC,91,A
2010-12-07T00:00:00,21000309,ATL,116,H
2010-12-07T00:00:00,21000309,NJN,101,A
2010-12-07T00:00:00,21000310,CHA,100,H
2010-12-07T00:00:00,21000310,DEN,98,A
2010-12-07T00:00:00,21000311,PHI,117,H
2010-12-07T00:00:00,21000311,CLE,97,A
2010-12-07T00:00:00,21000312,DAL,105,H
2010-12-07T00:00:00,21000312,GSW,100,A
2010-12-07T00:00:00,21000313,HOU,97,H
2010-12-07T00:00:00,21000313,DET,83,A
2010-12-07T00:00:00,21000314,POR,106,H
2010-12-07T00:00:00,21000314,PHX,99,A
2010-12-07T00:00:00,21000315,LAL,115,H
2010-12-07T00:00:00,21000315,WAS,108,A
2010-12-08T00:00:00,21000316,BOS,105,H
2010-12-08T00:00:00,21000316,DEN,89,A
2010-12-08T00:00:00,21000317,CLE,83,H
2010-12-08T00:00:00,21000317,CHI,88,A
2010-12-08T00:00:00,21000318,NYK,113,H
2010-12-08T00:00:00,21000318,TOR,110,A
2010-12-08T00:00:00,21000319,MIL,97,H
2010-12-08T00:00:00,21000319,IND,95,A
2010-12-08T00:00:00,21000320,MIN,103,H
2010-12-08T00:00:00,21000320,OKC,111,A
2010-12-08T00:00:00,21000321,NOH,93,H
2010-12-08T00:00:00,21000321,DET,74,A
2010-12-08T00:00:00,21000322,SAS,111,H
2010-12-08T00:00:00,21000322,GSW,94,A
2010-12-08T00:00:00,21000323,PHX,98,H
2010-12-08T00:00:00,21000323,MEM,104,A
2010-12-08T00:00:00,21000324,UTA,98,H
2010-12-08T00:00:00,21000324,MIA,111,A
2010-12-08T00:00:00,21000325,SAC,116,H
2010-12-08T00:00:00,21000325,WAS,91,A
2010-12-08T00:00:00,21000326,LAC,86,H
2010-12-08T00:00:00,21000326,LAL,87,A
2010-12-09T00:00:00,21000327,PHI,101,H
2010-12-09T00:00:00,21000327,BOS,102,A
2010-12-09T00:00:00,21000328,DAL,102,H
2010-12-09T00:00:00,21000328,NJN,89,A
2010-12-09T00:00:00,21000329,POR,97,H
2010-12-09T00:00:00,21000329,ORL,83,A
2010-12-10T00:00:00,21000330,IND,100,H
2010-12-10T00:00:00,21000330,CHA,92,A
2010-12-10T00:00:00,21000331,TOR,116,H
2010-12-10T00:00:00,21000331,DEN,123,A
2010-12-10T00:00:00,21000332,WAS,95,H
2010-12-10T00:00:00,21000332,NYK,101,A
2010-12-10T00:00:00,21000333,CHI,88,H
2010-12-10T00:00:00,21000333,LAL,84,A
2010-12-10T00:00:00,21000334,MIN,109,H
2010-12-10T00:00:00,21000334,DET,99,A
2010-12-10T00:00:00,21000335,NOH,92,H
2010-12-10T00:00:00,21000335,OKC,97,A
2010-12-10T00:00:00,21000336,MIL,97,H
2010-12-10T00:00:00,21000336,HOU,91,A
2010-12-10T00:00:00,21000337,SAS,108,H
2010-12-10T00:00:00,21000337,ATL,92,A
2010-12-10T00:00:00,21000338,PHX,94,H
2010-12-10T00:00:00,21000338,POR,101,A
2010-12-10T00:00:00,21000339,UTA,117,H
2010-12-10T00:00:00,21000339,ORL,105,A
2010-12-10T00:00:00,21000340,GSW,84,H
2010-12-10T00:00:00,21000340,MIA,106,A
2010-12-11T00:00:00,21000341,LAC,83,H
2010-12-11T00:00:00,21000341,MEM,84,A
2010-12-11T00:00:00,21000342,ATL,97,H
2010-12-11T00:00:00,21000342,IND,83,A
2010-12-11T00:00:00,21000343,CHA,62,H
2010-12-11T00:00:00,21000343,BOS,93,A
2010-12-11T00:00:00,21000344,DET,116,H
2010-12-11T00:00:00,21000344,TOR,120,A
2010-12-11T00:00:00,21000345,CHI,113,H
2010-12-11T00:00:00,21000345,MIN,82,A
2010-12-11T00:00:00,21000346,DAL,103,H
2010-12-11T00:00:00,21000346,UTA,97,A
2010-12-11T00:00:00,21000347,HOU,110,H
2010-12-11T00:00:00,21000347,CLE,95,A
2010-12-11T00:00:00,21000348,SAC,83,H
2010-12-11T00:00:00,21000348,MIA,104,A
2010-12-12T00:00:00,21000349,NYK,129,H
2010-12-12T00:00:00,21000349,DEN,125,A
2010-12-12T00:00:00,21000350,PHI,88,H
2010-12-12T00:00:00,21000350,NOH,70,A
2010-12-12T00:00:00,21000351,NJN,92,H
2010-12-12T00:00:00,21000351,LAL,99,A
2010-12-12T00:00:00,21000352,OKC,106,H
2010-12-12T00:00:00,21000352,CLE,77,A
2010-12-12T00:00:00,21000353,SAS,95,H
2010-12-12T00:00:00,21000353,POR,78,A
2010-12-12T00:00:00,21000354,LAC,85,H
2010-12-12T00:00:00,21000354,ORL,94,A
2010-12-13T00:00:00,21000355,MIA,96,H
2010-12-13T00:00:00,21000355,NOH,84,A
2010-12-13T00:00:00,21000356,CHI,92,H
2010-12-13T00:00:00,21000356,IND,73,A
2010-12-13T00:00:00,21000357,MEM,86,H
2010-12-13T00:00:00,21000357,POR,73,A
2010-12-13T00:00:00,21000358,DAL,99,H
2010-12-13T00:00:00,21000358,MIL,103,A
2010-12-13T00:00:00,21000359,UTA,108,H
2010-12-13T00:00:00,21000359,GSW,95,A
2010-12-14T00:00:00,21000360,CHA,97,H
2010-12-14T00:00:00,21000360,TOR,91,A
2010-12-14T00:00:00,21000361,NJN,77,H
2010-12-14T00:00:00,21000361,PHI,82,A
2010-12-14T00:00:00,21000362,WAS,89,H
2010-12-14T00:00:00,21000362,LAL,103,A
2010-12-14T00:00:00,21000363,DET,103,H
2010-12-14T00:00:00,21000363,ATL,80,A
2010-12-14T00:00:00,21000364,HOU,118,H
2010-12-14T00:00:00,21000364,SAC,105,A
2010-12-14T00:00:00,21000365,DEN,111,H
2010-12-14T00:00:00,21000365,ORL,94,A
2010-12-14T00:00:00,21000366,GSW,108,H
2010-12-14T00:00:00,21000366,MIN,99,A
2010-12-15T00:00:00,21000367,IND,94,H
2010-12-15T00:00:00,21000367,LAL,109,A
2010-12-15T00:00:00,21000368,NYK,116,H
2010-12-15T00:00:00,21000368,BOS,118,A
2010-12-15T00:00:00,21000369,PHI,105,H
2010-12-15T00:00:00,21000369,LAC,91,A
2010-12-15T00:00:00,21000370,TOR,93,H
2010-12-15T00:00:00,21000370,CHI,110,A
2010-12-15T00:00:00,21000371,MIA,101,H
2010-12-15T00:00:00,21000371,CLE,95,A
2010-12-15T00:00:00,21000372,MEM,113,H
2010-12-15T00:00:00,21000372,CHA,80,A
2010-12-15T00:00:00,21000373,NOH,94,H
2010-12-15T00:00:00,21000373,SAC,91,A
2010-12-15T00:00:00,21000374,OKC,117,H
2010-12-15T00:00:00,21000374,HOU,105,A
2010-12-15T00:00:00,21000375,SAS,92,H
2010-12-15T00:00:00,21000375,MIL,90,A
2010-12-15T00:00:00,21000376,PHX,128,H
2010-12-15T00:00:00,21000376,MIN,122,A
2010-12-15T00:00:00,21000377,DAL,103,H
2010-12-15T00:00:00,21000377,POR,98,A
2010-12-16T00:00:00,21000378,NJN,97,H
2010-12-16T00:00:00,21000378,WAS,89,A
2010-12-16T00:00:00,21000379,BOS,102,H
2010-12-16T00:00:00,21000379,ATL,90,A
2010-12-16T00:00:00,21000380,DEN,112,H
2010-12-16T00:00:00,21000380,SAS,113,A
2010-12-17T00:00:00,21000381,IND,108,H
2010-12-17T00:00:00,21000381,CLE,99,A
2010-12-17T00:00:00,21000382,NYK,91,H
2010-12-17T00:00:00,21000382,MIA,113,A
2010-12-17T00:00:00,21000383,PHI,81,H
2010-12-17T00:00:00,21000383,LAL,93,A
2010-12-17T00:00:00,21000384,TOR,98,H
2010-12-17T00:00:00,21000384,NJN,92,A
2010-12-17T00:00:00,21000385,ATL,90,H
2010-12-17T00:00:00,21000385,CHA,85,A
2010-12-17T00:00:00,21000386,DET,88,H
2010-12-17T00:00:00,21000386,LAC,109,A
2010-12-17T00:00:00,21000387,NOH,100,H
2010-12-17T00:00:00,21000387,UTA,71,A
2010-12-17T00:00:00,21000388,OKC,102,H
2010-12-17T00:00:00,21000388,SAC,87,A
2010-12-17T00:00:00,21000389,HOU,103,H
2010-12-17T00:00:00,21000389,MEM,87,A
2010-12-17T00:00:00,21000390,DAL,106,H
2010-12-17T00:00:00,21000390,PHX,91,A
2010-12-17T00:00:00,21000391,POR,107,H
2010-12-17T00:00:00,21000391,MIN,102,A
2010-12-18T00:00:00,21000392,ORL,89,H
2010-12-18T00:00:00,21000392,PHI,97,A
2010-12-18T00:00:00,21000393,WAS,94,H
2010-12-18T00:00:00,21000393,MIA,95,A
2010-12-18T00:00:00,21000394,CLE,109,H
2010-12-18T00:00:00,21000394,NYK,102,A
2010-12-18T00:00:00,21000395,CHI,99,H
2010-12-18T00:00:00,21000395,LAC,100,A
2010-12-18T00:00:00,21000396,MIL,86,H
2010-12-18T00:00:00,21000396,UTA,95,A
2010-12-18T00:00:00,21000397,SAS,112,H
2010-12-18T00:00:00,21000397,MEM,106,A
2010-12-18T00:00:00,21000398,DEN,115,H
2010-12-18T00:00:00,21000398,MIN,113,A
2010-12-18T00:00:00,21000399,POR,96,H
2010-12-18T00:00:00,21000399,GSW,95,A
2010-12-19T00:00:00,21000400,BOS,99,H
2010-12-19T00:00:00,21000400,IND,88,A
2010-12-19T00:00:00,21000401,NJN,89,H
2010-12-19T00:00:00,21000401,ATL,82,A
2010-12-19T00:00:00,21000402,TOR,110,H
2010-12-19T00:00:00,21000402,LAL,120,A
2010-12-19T00:00:00,21000403,DET,111,H
2010-12-19T00:00:00,21000403,NOH,108,A
2010-12-19T00:00:00,21000404,SAC,93,H
2010-12-19T00:00:00,21000404,HOU,102,A
2010-12-19T00:00:00,21000405,OKC,110,H
2010-12-19T00:00:00,21000405,PHX,113,A
2010-12-20T00:00:00,21000406,ATL,91,H
2010-12-20T00:00:00,21000406,ORL,81,A
2010-12-20T00:00:00,21000407,CLE,90,H
2010-12-20T00:00:00,21000407,UTA,101,A
2010-12-20T00:00:00,21000408,IND,94,H
2010-12-20T00:00:00,21000408,NOH,93,A
2010-12-20T00:00:00,21000409,WAS,108,H
2010-12-20T00:00:00,21000409,CHA,75,A
2010-12-20T00:00:00,21000410,MIA,96,H
2010-12-20T00:00:00,21000410,DAL,98,A
2010-12-20T00:00:00,21000411,SAS,118,H
2010-12-20T00:00:00,21000411,PHX,110,A
2010-12-20T00:00:00,21000412,POR,106,H
2010-12-20T00:00:00,21000412,MIL,80,A
2010-12-20T00:00:00,21000413,GSW,112,H
2010-12-20T00:00:00,21000413,HOU,121,A
2010-12-20T00:00:00,21000414,LAC,113,H
2010-12-20T00:00:00,21000414,MIN,90,A
2010-12-21T00:00:00,21000415,CHA,81,H
2010-12-21T00:00:00,21000415,OKC,99,A
2010-12-21T00:00:00,21000416,ORL,99,H
2010-12-21T00:00:00,21000416,DAL,105,A
2010-12-21T00:00:00,21000417,CHI,121,H
2010-12-21T00:00:00,21000417,PHI,76,A
2010-12-21T00:00:00,21000418,MEM,94,H
2010-12-21T00:00:00,21000418,NJN,101,A
2010-12-21T00:00:00,21000419,SAC,109,H
2010-12-21T00:00:00,21000419,GSW,117,A
2010-12-21T00:00:00,21000420,LAL,79,H
2010-12-21T00:00:00,21000420,MIL,98,A
2010-12-22T00:00:00,21000421,ATL,98,H
2010-12-22T00:00:00,21000421,CLE,84,A
2010-12-22T00:00:00,21000422,TOR,93,H
2010-12-22T00:00:00,21000422,DET,115,A
2010-12-22T00:00:00,21000423,WAS,80,H
2010-12-22T00:00:00,21000423,CHI,87,A
2010-12-22T00:00:00,21000424,BOS,84,H
2010-12-22T00:00:00,21000424,PHI,80,A
2010-12-22T00:00:00,21000425,NYK,112,H
2010-12-22T00:00:00,21000425,OKC,98,A
2010-12-22T00:00:00,21000426,MIN,107,H
2010-12-22T00:00:00,21000426,UTA,112,A
2010-12-22T00:00:00,21000427,NOH,105,H
2010-12-22T00:00:00,21000427,NJN,91,A
2010-12-22T00:00:00,21000428,SAS,109,H
2010-12-22T00:00:00,21000428,DEN,103,A
2010-12-22T00:00:00,21000429,LAC,92,H
2010-12-22T00:00:00,21000429,HOU,97,A
2010-12-23T00:00:00,21000430,ORL,123,H
2010-12-23T00:00:00,21000430,SAS,101,A
2010-12-23T00:00:00,21000431,SAC,79,H
2010-12-23T00:00:00,21000431,MIL,84,A
2010-12-23T00:00:00,21000432,PHX,83,H
2010-12-23T00:00:00,21000432,MIA,95,A
2010-12-25T00:00:00,21000433,NYK,103,H
2010-12-25T00:00:00,21000433,CHI,95,A
2010-12-25T00:00:00,21000434,ORL,86,H
2010-12-25T00:00:00,21000434,BOS,78,A
2010-12-25T00:00:00,21000435,LAL,80,H
2010-12-25T00:00:00,21000435,MIA,96,A
2010-12-25T00:00:00,21000436,OKC,114,H
2010-12-25T00:00:00,21000436,DEN,106,A
2010-12-25T00:00:00,21000437,GSW,109,H
2010-12-25T00:00:00,21000437,POR,102,A
2010-12-26T00:00:00,21000438,LAC,108,H
2010-12-26T00:00:00,21000438,PHX,103,A
2010-12-26T00:00:00,21000439,CLE,97,H
2010-12-26T00:00:00,21000439,MIN,98,A
2010-12-26T00:00:00,21000440,DET,92,H
2010-12-26T00:00:00,21000440,CHI,95,A
2010-12-26T00:00:00,21000441,IND,90,H
2010-12-26T00:00:00,21000441,MEM,104,A
2010-12-26T00:00:00,21000442,NOH,93,H
2010-12-26T00:00:00,21000442,ATL,86,A
2010-12-26T00:00:00,21000443,SAS,94,H
2010-12-26T00:00:00,21000443,WAS,80,A
2010-12-26T00:00:00,21000444,DEN,89,H
2010-12-26T00:00:00,21000444,PHI,95,A
2010-12-27T00:00:00,21000445,CHA,105,H
2010-12-27T00:00:00,21000445,DET,100,A
2010-12-27T00:00:00,21000446,NJN,88,H
2010-12-27T00:00:00,21000446,ORL,104,A
2010-12-27T00:00:00,21000447,MEM,96,H
2010-12-27T00:00:00,21000447,TOR,85,A
2010-12-27T00:00:00,21000448,MIL,80,H
2010-12-27T00:00:00,21000448,ATL,95,A
2010-12-27T00:00:00,21000449,MIN,113,H
2010-12-27T00:00:00,21000449,NOH,98,A
2010-12-27T00:00:00,21000450,OKC,93,H
2010-12-27T00:00:00,21000450,DAL,103,A
2010-12-27T00:00:00,21000451,HOU,100,H
2010-12-27T00:00:00,21000451,WAS,93,A
2010-12-27T00:00:00,21000452,UTA,91,H
2010-12-27T00:00:00,21000452,POR,96,A
2010-12-27T00:00:00,21000453,SAC,99,H
2010-12-27T00:00:00,21000453,LAC,100,A
2010-12-27T00:00:00,21000454,GSW,110,H
2010-12-27T00:00:00,21000454,PHI,95,A
2010-12-28T00:00:00,21000455,CLE,95,H
2010-12-28T00:00:00,21000455,ORL,110,A
2010-12-28T00:00:00,21000456,IND,83,H
2010-12-28T00:00:00,21000456,BOS,95,A
2010-12-28T00:00:00,21000457,MIA,106,H
2010-12-28T00:00:00,21000457,NYK,98,A
2010-12-28T00:00:00,21000458,CHI,90,H
2010-12-28T00:00:00,21000458,MIL,77,A
2010-12-28T00:00:00,21000459,DAL,76,H
2010-12-28T00:00:00,21000459,TOR,84,A
2010-12-28T00:00:00,21000460,SAS,97,H
2010-12-28T00:00:00,21000460,LAL,82,A
2010-12-28T00:00:00,21000461,DEN,95,H
2010-12-28T00:00:00,21000461,POR,77,A
2010-12-29T00:00:00,21000462,ATL,103,H
2010-12-29T00:00:00,21000462,GSW,93,A
2010-12-29T00:00:00,21000463,CHA,101,H
2010-12-29T00:00:00,21000463,CLE,92,A
2010-12-29T00:00:00,21000464,WAS,104,H
2010-12-29T00:00:00,21000464,IND,90,A
2010-12-29T00:00:00,21000465,DET,104,H
2010-12-29T00:00:00,21000465,BOS,92,A
2010-12-29T00:00:00,21000466,MIN,113,H
2010-12-29T00:00:00,21000466,DEN,119,A
2010-12-29T00:00:00,21000467,NOH,88,H
2010-12-29T00:00:00,21000467,LAL,103,A
2010-12-29T00:00:00,21000468,OKC,114,H
2010-12-29T00:00:00,21000468,NJN,93,A
2010-12-29T00:00:00,21000469,HOU,119,H
2010-12-29T00:00:00,21000469,MIA,125,A
2010-12-29T00:00:00,21000470,PHX,110,H
2010-12-29T00:00:00,21000470,PHI,123,A
2010-12-29T00:00:00,21000471,SAC,100,H
2010-12-29T00:00:00,21000471,MEM,98,A
2010-12-29T00:00:00,21000472,LAC,95,H
2010-12-29T00:00:00,21000472,UTA,103,A
2010-12-30T00:00:00,21000473,ORL,112,H
2010-12-30T00:00:00,21000473,NYK,103,A
2010-12-30T00:00:00,21000474,DAL,93,H
2010-12-30T00:00:00,21000474,SAS,99,A
2010-12-30T00:00:00,21000475,POR,100,H
2010-12-30T00:00:00,21000475,UTA,89,A
2010-12-31T00:00:00,21000476,BOS,81,H
2010-12-31T00:00:00,21000476,NOH,83,A
2010-12-31T00:00:00,21000477,CHA,95,H
2010-12-31T00:00:00,21000477,GSW,96,A
2010-12-31T00:00:00,21000478,IND,95,H
2010-12-31T00:00:00,21000478,WAS,86,A
2010-12-31T00:00:00,21000479,CHI,90,H
2010-12-31T00:00:00,21000479,NJN,81,A
2010-12-31T00:00:00,21000480,HOU,114,H
2010-12-31T00:00:00,21000480,TOR,105,A
2010-12-31T00:00:00,21000481,OKC,103,H
2010-12-31T00:00:00,21000481,ATL,94,A
2010-12-31T00:00:00,21000482,PHX,92,H
2010-12-31T00:00:00,21000482,DET,75,A
2010-12-31T00:00:00,21000483,LAL,102,H
2010-12-31T00:00:00,21000483,PHI,98,A
2011-01-01T00:00:00,21000484,WAS,81,H
2011-01-01T00:00:00,21000484,NOH,92,A
2011-01-01T00:00:00,21000485,CHI,100,H
2011-01-01T00:00:00,21000485,CLE,91,A
2011-01-01T00:00:00,21000486,MIA,114,H
2011-01-01T00:00:00,21000486,GSW,107,A
2011-01-01T00:00:00,21000487,MIN,103,H
2011-01-01T00:00:00,21000487,NJN,88,A
2011-01-01T00:00:00,21000488,SAS,101,H
2011-01-01T00:00:00,21000488,OKC,74,A
2011-01-01T00:00:00,21000489,MIL,99,H
2011-01-01T00:00:00,21000489,DAL,87,A
2011-01-01T00:00:00,21000490,DEN,104,H
2011-01-01T00:00:00,21000490,SAC,86,A
2011-01-01T00:00:00,21000491,UTA,98,H
2011-01-01T00:00:00,21000491,MEM,92,A
2011-01-02T00:00:00,21000492,NYK,98,H
2011-01-02T00:00:00,21000492,IND,92,A
2011-01-02T00:00:00,21000493,LAC,98,H
2011-01-02T00:00:00,21000493,ATL,107,A
2011-01-02T00:00:00,21000494,TOR,79,H
2011-01-02T00:00:00,21000494,BOS,93,A
2011-01-02T00:00:00,21000495,CLE,95,H
2011-01-02T00:00:00,21000495,DAL,104,A
2011-01-02T00:00:00,21000496,POR,100,H
2011-01-02T00:00:00,21000496,HOU,85,A
2011-01-02T00:00:00,21000497,SAC,94,H
2011-01-02T00:00:00,21000497,PHX,89,A
2011-01-02T00:00:00,21000498,LAL,85,H
2011-01-02T00:00:00,21000498,MEM,104,A
2011-01-03T00:00:00,21000499,CHA,82,H
2011-01-03T00:00:00,21000499,MIA,96,A
2011-01-03T00:00:00,21000500,ORL,110,H
2011-01-03T00:00:00,21000500,GSW,90,A
2011-01-03T00:00:00,21000501,BOS,96,H
2011-01-03T00:00:00,21000501,MIN,93,A
2011-01-03T00:00:00,21000502,NOH,84,H
2011-01-03T00:00:00,21000502,PHI,77,A
2011-01-03T00:00:00,21000503,DEN,113,H
2011-01-03T00:00:00,21000503,HOU,106,A
2011-01-03T00:00:00,21000504,UTA,102,H
2011-01-03T00:00:00,21000504,DET,97,A
2011-01-04T00:00:00,21000505,MIA,101,H
2011-01-04T00:00:00,21000505,MIL,89,A
2011-01-04T00:00:00,21000506,NYK,128,H
2011-01-04T00:00:00,21000506,SAS,115,A
2011-01-04T00:00:00,21000507,CHI,111,H
2011-01-04T00:00:00,21000507,TOR,91,A
2011-01-04T00:00:00,21000508,MEM,110,H
2011-01-04T00:00:00,21000508,OKC,105,A
2011-01-04T00:00:00,21000509,DAL,84,H
2011-01-04T00:00:00,21000509,POR,81,A
2011-01-04T00:00:00,21000510,SAC,102,H
2011-01-04T00:00:00,21000510,ATL,108,A
2011-01-04T00:00:00,21000511,LAL,108,H
2011-01-04T00:00:00,21000511,DET,83,A
2011-01-05T00:00:00,21000512,CLE,105,H
2011-01-05T00:00:00,21000512,TOR,120,A
2011-01-05T00:00:00,21000513,NJN,96,H
2011-01-05T00:00:00,21000513,CHI,94,A
2011-01-05T00:00:00,21000514,ORL,97,H
2011-01-05T00:00:00,21000514,MIL,87,A
2011-01-05T00:00:00,21000515,PHI,109,H
2011-01-05T00:00:00,21000515,WAS,97,A
2011-01-05T00:00:00,21000516,BOS,105,H
2011-01-05T00:00:00,21000516,SAS,103,A
2011-01-05T00:00:00,21000517,MIN,105,H
2011-01-05T00:00:00,21000517,CHA,108,A
2011-01-05T00:00:00,21000518,NOH,103,H
2011-01-05T00:00:00,21000518,GSW,110,A
2011-01-05T00:00:00,21000519,HOU,100,H
2011-01-05T00:00:00,21000519,POR,103,A
2011-01-05T00:00:00,21000520,UTA,87,H
2011-01-05T00:00:00,21000520,ATL,110,A
2011-01-05T00:00:00,21000521,PHX,95,H
2011-01-05T00:00:00,21000521,LAL,99,A
2011-01-05T00:00:00,21000522,LAC,106,H
2011-01-05T00:00:00,21000522,DEN,93,A
2011-01-06T00:00:00,21000523,DAL,95,H
2011-01-06T00:00:00,21000523,OKC,99,A
2011-01-06T00:00:00,21000524,SAC,122,H
2011-01-06T00:00:00,21000524,DEN,102,A
2011-01-07T00:00:00,21000525,IND,87,H
2011-01-07T00:00:00,21000525,SAS,90,A
2011-01-07T00:00:00,21000526,PHI,105,H
2011-01-07T00:00:00,21000526,CHI,99,A
2011-01-07T00:00:00,21000527,WAS,97,H
2011-01-07T00:00:00,21000527,NJN,77,A
2011-01-07T00:00:00,21000528,BOS,122,H
2011-01-07T00:00:00,21000528,TOR,102,A
2011-01-07T00:00:00,21000529,ORL,110,H
2011-01-07T00:00:00,21000529,HOU,95,A
2011-01-07T00:00:00,21000530,MEM,110,H
2011-01-07T00:00:00,21000530,UTA,99,A
2011-01-07T00:00:00,21000531,MIN,98,H
2011-01-07T00:00:00,21000531,POR,108,A
2011-01-07T00:00:00,21000532,MIL,95,H
2011-01-07T00:00:00,21000532,MIA,101,A
2011-01-07T00:00:00,21000533,PHX,96,H
2011-01-07T00:00:00,21000533,NYK,121,A
2011-01-07T00:00:00,21000534,GSW,116,H
2011-01-07T00:00:00,21000534,CLE,98,A
2011-01-07T00:00:00,21000535,LAL,101,H
2011-01-07T00:00:00,21000535,NOH,97,A
2011-01-08T00:00:00,21000536,ATL,108,H
2011-01-08T00:00:00,21000536,IND,93,A
2011-01-08T00:00:00,21000537,CHA,104,H
2011-01-08T00:00:00,21000537,WAS,89,A
2011-01-08T00:00:00,21000538,NJN,92,H
2011-01-08T00:00:00,21000538,MIL,115,A
2011-01-08T00:00:00,21000539,DET,112,H
2011-01-08T00:00:00,21000539,PHI,109,A
2011-01-08T00:00:00,21000540,CHI,90,H
2011-01-08T00:00:00,21000540,BOS,79,A
2011-01-08T00:00:00,21000541,OKC,109,H
2011-01-08T00:00:00,21000541,MEM,100,A
2011-01-08T00:00:00,21000542,DAL,107,H
2011-01-08T00:00:00,21000542,ORL,117,A
2011-01-08T00:00:00,21000543,HOU,99,H
2011-01-08T00:00:00,21000543,UTA,103,A
2011-01-09T00:00:00,21000544,TOR,118,H
2011-01-09T00:00:00,21000544,SAC,112,A
2011-01-09T00:00:00,21000545,LAC,105,H
2011-01-09T00:00:00,21000545,GSW,91,A
2011-01-09T00:00:00,21000546,SAS,94,H
2011-01-09T00:00:00,21000546,MIN,91,A
2011-01-09T00:00:00,21000547,PHX,108,H
2011-01-09T00:00:00,21000547,CLE,100,A
2011-01-09T00:00:00,21000548,DEN,87,H
2011-01-09T00:00:00,21000548,NOH,96,A
2011-01-09T00:00:00,21000549,POR,100,H
2011-01-09T00:00:00,21000549,MIA,107,A
2011-01-09T00:00:00,21000550,LAL,109,H
2011-01-09T00:00:00,21000550,NYK,87,A
2011-01-10T00:00:00,21000551,CHA,96,H
2011-01-10T00:00:00,21000551,MEM,82,A
2011-01-10T00:00:00,21000552,BOS,102,H
2011-01-10T00:00:00,21000552,HOU,108,A
2011-01-10T00:00:00,21000553,CHI,95,H
2011-01-10T00:00:00,21000553,DET,82,A
2011-03-15T00:00:00,21000554,ATL,110,H
2011-03-15T00:00:00,21000554,MIL,85,A
2011-01-11T00:00:00,21000555,PHI,103,H
2011-01-11T00:00:00,21000555,IND,111,A
2011-01-11T00:00:00,21000556,WAS,136,H
2011-01-11T00:00:00,21000556,SAC,133,A
2011-01-11T00:00:00,21000557,MIN,96,H
2011-01-11T00:00:00,21000557,SAS,107,A
2011-01-11T00:00:00,21000558,DEN,132,H
2011-01-11T00:00:00,21000558,PHX,98,A
2011-01-11T00:00:00,21000559,POR,86,H
2011-01-11T00:00:00,21000559,NYK,100,A
2011-01-11T00:00:00,21000560,LAL,112,H
2011-01-11T00:00:00,21000560,CLE,57,A
2011-01-12T00:00:00,21000561,CHA,96,H
2011-01-12T00:00:00,21000561,CHI,91,A
2011-01-12T00:00:00,21000562,IND,102,H
2011-01-12T00:00:00,21000562,DAL,89,A
2011-01-12T00:00:00,21000563,TOR,101,H
2011-01-12T00:00:00,21000563,ATL,104,A
2011-01-12T00:00:00,21000564,BOS,119,H
2011-01-12T00:00:00,21000564,SAC,95,A
2011-01-12T00:00:00,21000565,DET,99,H
2011-01-12T00:00:00,21000565,MEM,107,A
2011-01-12T00:00:00,21000566,MIL,84,H
2011-01-12T00:00:00,21000566,SAS,91,A
2011-01-12T00:00:00,21000567,NOH,92,H
2011-01-12T00:00:00,21000567,ORL,89,A
2011-01-12T00:00:00,21000568,HOU,112,H
2011-01-12T00:00:00,21000568,OKC,118,A
2011-01-12T00:00:00,21000569,PHX,118,H
2011-01-12T00:00:00,21000569,NJN,109,A
2011-01-12T00:00:00,21000570,UTA,131,H
2011-01-12T00:00:00,21000570,NYK,125,A
2011-01-12T00:00:00,21000571,GSW,110,H
2011-01-12T00:00:00,21000571,LAL,115,A
2011-01-12T00:00:00,21000572,LAC,111,H
2011-01-12T00:00:00,21000572,MIA,105,A
2011-01-13T00:00:00,21000573,MIN,109,H
2011-01-13T00:00:00,21000573,WAS,97,A
2011-01-13T00:00:00,21000574,OKC,125,H
2011-01-13T00:00:00,21000574,ORL,124,A
2011-01-13T00:00:00,21000575,DEN,130,H
2011-01-13T00:00:00,21000575,MIA,102,A
2011-01-14T00:00:00,21000576,IND,86,H
2011-01-14T00:00:00,21000576,CHI,99,A
2011-01-14T00:00:00,21000577,PHI,95,H
2011-01-14T00:00:00,21000577,MIL,94,A
2011-01-14T00:00:00,21000578,TOR,95,H
2011-01-14T00:00:00,21000578,DET,101,A
2011-01-14T00:00:00,21000579,BOS,99,H
2011-01-14T00:00:00,21000579,CHA,94,A
2011-01-14T00:00:00,21000580,NYK,83,H
2011-01-14T00:00:00,21000580,SAC,93,A
2011-01-14T00:00:00,21000581,SAS,101,H
2011-01-14T00:00:00,21000581,DAL,89,A
2011-01-14T00:00:00,21000582,HOU,105,H
2011-01-14T00:00:00,21000582,NOH,110,A
2011-01-14T00:00:00,21000583,UTA,121,H
2011-01-14T00:00:00,21000583,CLE,99,A
2011-01-14T00:00:00,21000584,PHX,115,H
2011-01-14T00:00:00,21000584,POR,111,A
2011-01-14T00:00:00,21000585,GSW,122,H
2011-01-14T00:00:00,21000585,LAC,112,A
2011-01-14T00:00:00,21000586,LAL,100,H
2011-01-14T00:00:00,21000586,NJN,88,A
2011-01-15T00:00:00,21000587,ATL,106,H
2011-01-15T00:00:00,21000587,HOU,112,A
2011-01-15T00:00:00,21000588,CHA,81,H
2011-01-15T00:00:00,21000588,NOH,88,A
2011-01-15T00:00:00,21000589,WAS,98,H
2011-01-15T00:00:00,21000589,TOR,95,A
2011-01-15T00:00:00,21000590,DET,110,H
2011-01-15T00:00:00,21000590,SAC,106,A
2011-01-15T00:00:00,21000591,CHI,99,H
2011-01-15T00:00:00,21000591,MIA,96,A
2011-01-15T00:00:00,21000592,MEM,89,H
2011-01-15T00:00:00,21000592,DAL,70,A
2011-01-15T00:00:00,21000593,MIN,99,H
2011-01-15T00:00:00,21000593,ORL,108,A
2011-01-15T00:00:00,21000594,DEN,127,H
2011-01-15T00:00:00,21000594,CLE,99,A
2011-01-15T00:00:00,21000595,POR,96,H
2011-01-15T00:00:00,21000595,NJN,89,A
2011-01-16T00:00:00,21000596,LAC,99,H
2011-01-16T00:00:00,21000596,LAL,92,A
2011-01-16T00:00:00,21000597,SAS,110,H
2011-01-16T00:00:00,21000597,DEN,97,A
2011-01-17T00:00:00,21000598,NYK,121,H
2011-01-17T00:00:00,21000598,PHX,129,A
2011-01-17T00:00:00,21000599,WAS,108,H
2011-01-17T00:00:00,21000599,UTA,101,A
2011-01-17T00:00:00,21000600,MEM,84,H
2011-01-17T00:00:00,21000600,CHI,96,A
2011-01-17T00:00:00,21000601,PHI,96,H
2011-01-17T00:00:00,21000601,CHA,92,A
2011-01-17T00:00:00,21000602,HOU,93,H
2011-01-17T00:00:00,21000602,MIL,84,A
2011-01-17T00:00:00,21000603,NOH,85,H
2011-01-17T00:00:00,21000603,TOR,81,A
2011-01-17T00:00:00,21000604,DET,103,H
2011-01-17T00:00:00,21000604,DAL,89,A
2011-01-17T00:00:00,21000605,LAC,114,H
2011-01-17T00:00:00,21000605,IND,107,A
2011-01-17T00:00:00,21000606,ATL,100,H
2011-01-17T00:00:00,21000606,SAC,98,A
2011-01-17T00:00:00,21000607,GSW,109,H
2011-01-17T00:00:00,21000607,NJN,100,A
2011-01-17T00:00:00,21000608,BOS,109,H
2011-01-17T00:00:00,21000608,ORL,106,A
2011-01-17T00:00:00,21000609,POR,113,H
2011-01-17T00:00:00,21000609,MIN,102,A
2011-01-17T00:00:00,21000610,LAL,101,H
2011-01-17T00:00:00,21000610,OKC,94,A
2011-01-18T00:00:00,21000611,MIA,89,H
2011-01-18T00:00:00,21000611,ATL,93,A
2011-01-18T00:00:00,21000612,CHI,82,H
2011-01-18T00:00:00,21000612,CHA,83,A
2011-01-19T00:00:00,21000613,CLE,98,H
2011-01-19T00:00:00,21000613,PHX,106,A
2011-01-19T00:00:00,21000614,NJN,103,H
2011-01-19T00:00:00,21000614,UTA,95,A
2011-01-19T00:00:00,21000615,ORL,99,H
2011-01-19T00:00:00,21000615,PHI,98,A
2011-01-19T00:00:00,21000616,BOS,86,H
2011-01-19T00:00:00,21000616,DET,82,A
2011-01-19T00:00:00,21000617,MIL,100,H
2011-01-19T00:00:00,21000617,WAS,87,A
2011-01-19T00:00:00,21000618,NOH,103,H
2011-01-19T00:00:00,21000618,MEM,102,A
2011-01-19T00:00:00,21000619,HOU,104,H
2011-01-19T00:00:00,21000619,NYK,89,A
2011-01-19T00:00:00,21000620,SAS,104,H
2011-01-19T00:00:00,21000620,TOR,95,A
2011-01-19T00:00:00,21000621,DAL,109,H
2011-01-19T00:00:00,21000621,LAL,100,A
2011-01-19T00:00:00,21000622,DEN,112,H
2011-01-19T00:00:00,21000622,OKC,107,A
2011-01-19T00:00:00,21000623,SAC,90,H
2011-01-19T00:00:00,21000623,POR,94,A
2011-01-19T00:00:00,21000624,GSW,110,H
2011-01-19T00:00:00,21000624,IND,108,A
2011-01-19T00:00:00,21000625,LAC,126,H
2011-01-19T00:00:00,21000625,MIN,111,A
2011-01-20T00:00:00,21000626,CHA,100,H
2011-01-20T00:00:00,21000626,PHI,97,A
2011-01-20T00:00:00,21000627,CHI,82,H
2011-01-20T00:00:00,21000627,DAL,77,A
2011-01-20T00:00:00,21000628,POR,108,H
2011-01-20T00:00:00,21000628,LAC,93,A
2011-01-21T00:00:00,21000629,NJN,89,H
2011-01-21T00:00:00,21000629,DET,74,A
2011-01-21T00:00:00,21000630,ORL,112,H
2011-01-21T00:00:00,21000630,TOR,72,A
2011-01-21T00:00:00,21000631,ATL,59,H
2011-01-21T00:00:00,21000631,NOH,100,A
2011-01-21T00:00:00,21000632,BOS,110,H
2011-01-21T00:00:00,21000632,UTA,86,A
2011-01-21T00:00:00,21000633,CLE,88,H
2011-01-21T00:00:00,21000633,MIL,102,A
2011-01-21T00:00:00,21000634,WAS,91,H
2011-01-21T00:00:00,21000634,PHX,109,A
2011-01-21T00:00:00,21000635,MEM,115,H
2011-01-21T00:00:00,21000635,HOU,110,A
2011-01-21T00:00:00,21000636,SAS,101,H
2011-01-21T00:00:00,21000636,NYK,92,A
2011-01-21T00:00:00,21000637,DEN,97,H
2011-01-21T00:00:00,21000637,LAL,107,A
2011-01-21T00:00:00,21000638,GSW,119,H
2011-01-21T00:00:00,21000638,SAC,112,A
2011-01-22T00:00:00,21000639,CHA,87,H
2011-01-22T00:00:00,21000639,ATL,103,A
2011-01-22T00:00:00,21000640,NJN,86,H
2011-01-22T00:00:00,21000640,DAL,87,A
2011-01-22T00:00:00,21000641,WAS,85,H
2011-01-22T00:00:00,21000641,BOS,83,A
2011-01-22T00:00:00,21000642,DET,75,H
2011-01-22T00:00:00,21000642,PHX,74,A
2011-01-22T00:00:00,21000643,MIA,120,H
2011-01-22T00:00:00,21000643,TOR,103,A
2011-01-22T00:00:00,21000644,PHI,96,H
2011-01-22T00:00:00,21000644,UTA,85,A
2011-01-22T00:00:00,21000645,CHI,92,H
2011-01-22T00:00:00,21000645,CLE,79,A
2011-01-22T00:00:00,21000646,NOH,96,H
2011-01-22T00:00:00,21000646,SAS,72,A
2011-01-22T00:00:00,21000647,OKC,101,H
2011-01-22T00:00:00,21000647,NYK,98,A
2011-01-22T00:00:00,21000648,HOU,104,H
2011-01-22T00:00:00,21000648,ORL,118,A
2011-01-22T00:00:00,21000649,MIL,81,H
2011-01-22T00:00:00,21000649,MEM,94,A
2011-01-22T00:00:00,21000650,POR,97,H
2011-01-22T00:00:00,21000650,IND,92,A
2011-01-22T00:00:00,21000651,LAC,113,H
2011-01-22T00:00:00,21000651,GSW,109,A
2011-01-23T00:00:00,21000652,DEN,121,H
2011-01-23T00:00:00,21000652,IND,107,A
2011-01-24T00:00:00,21000653,NJN,103,H
2011-01-24T00:00:00,21000653,CLE,101,A
2011-01-24T00:00:00,21000654,ORL,96,H
2011-01-24T00:00:00,21000654,DET,103,A
2011-01-24T00:00:00,21000655,PHI,105,H
2011-01-24T00:00:00,21000655,PHX,95,A
2011-01-24T00:00:00,21000656,TOR,98,H
2011-01-24T00:00:00,21000656,MEM,100,A
2011-01-24T00:00:00,21000657,NYK,115,H
2011-01-24T00:00:00,21000657,WAS,106,A
2011-01-24T00:00:00,21000658,CHI,92,H
2011-01-24T00:00:00,21000658,MIL,83,A
2011-01-24T00:00:00,21000659,MIN,125,H
2011-01-24T00:00:00,21000659,HOU,129,A
2011-01-24T00:00:00,21000660,NOH,91,H
2011-01-24T00:00:00,21000660,OKC,89,A
2011-01-24T00:00:00,21000661,POR,81,H
2011-01-24T00:00:00,21000661,SAC,96,A
2011-01-24T00:00:00,21000662,GSW,102,H
2011-01-24T00:00:00,21000662,SAS,113,A
2011-01-25T00:00:00,21000663,WAS,109,H
2011-01-25T00:00:00,21000663,DEN,120,A
2011-01-25T00:00:00,21000664,BOS,112,H
2011-01-25T00:00:00,21000664,CLE,95,A
2011-01-25T00:00:00,21000665,DAL,112,H
2011-01-25T00:00:00,21000665,LAC,105,A
2011-01-25T00:00:00,21000666,SAC,89,H
2011-01-25T00:00:00,21000666,CHA,94,A
2011-01-25T00:00:00,21000667,LAL,120,H
2011-01-25T00:00:00,21000667,UTA,91,A
2011-01-26T00:00:00,21000668,IND,96,H
2011-01-26T00:00:00,21000668,ORL,111,A
2011-01-26T00:00:00,21000669,NJN,93,H
2011-01-26T00:00:00,21000669,MEM,88,A
2011-01-26T00:00:00,21000670,TOR,94,H
2011-01-26T00:00:00,21000670,PHI,107,A
2011-01-26T00:00:00,21000671,DET,100,H
2011-01-26T00:00:00,21000671,DEN,109,A
2011-01-26T00:00:00,21000672,MIL,98,H
2011-01-26T00:00:00,21000672,ATL,90,A
2011-01-26T00:00:00,21000673,MIN,117,H
2011-01-26T00:00:00,21000673,OKC,118,A
2011-01-26T00:00:00,21000674,HOU,96,H
2011-01-26T00:00:00,21000674,LAC,83,A
2011-01-26T00:00:00,21000675,PHX,107,H
2011-01-26T00:00:00,21000675,CHA,114,A
2011-01-26T00:00:00,21000676,UTA,105,H
2011-01-26T00:00:00,21000676,SAS,112,A
2011-01-26T00:00:00,21000677,GSW,103,H
2011-01-26T00:00:00,21000677,NOH,112,A
2011-01-27T00:00:00,21000678,NYK,93,H
2011-01-27T00:00:00,21000678,MIA,88,A
2011-01-27T00:00:00,21000679,DAL,111,H
2011-01-27T00:00:00,21000679,HOU,106,A
2011-01-27T00:00:00,21000680,POR,78,H
2011-01-27T00:00:00,21000680,BOS,88,A
2011-01-28T00:00:00,21000681,IND,124,H
2011-01-28T00:00:00,21000681,NJN,92,A
2011-01-28T00:00:00,21000682,PHI,94,H
2011-01-28T00:00:00,21000682,MEM,99,A
2011-01-28T00:00:00,21000683,TOR,110,H
2011-01-28T00:00:00,21000683,MIL,116,A
2011-01-28T00:00:00,21000684,ATL,111,H
2011-01-28T00:00:00,21000684,NYK,102,A
2011-01-28T00:00:00,21000685,CLE,103,H
2011-01-28T00:00:00,21000685,DEN,117,A
2011-01-28T00:00:00,21000686,MIA,88,H
2011-01-28T00:00:00,21000686,DET,87,A
2011-01-28T00:00:00,21000687,CHI,99,H
2011-01-28T00:00:00,21000687,ORL,90,A
2011-01-28T00:00:00,21000688,OKC,124,H
2011-01-28T00:00:00,21000688,WAS,117,A
2011-01-28T00:00:00,21000689,UTA,108,H
2011-01-28T00:00:00,21000689,MIN,100,A
2011-01-28T00:00:00,21000690,PHX,88,H
2011-01-28T00:00:00,21000690,BOS,71,A
2011-01-28T00:00:00,21000691,GSW,113,H
2011-01-28T00:00:00,21000691,CHA,121,A
2011-01-28T00:00:00,21000692,LAL,95,H
2011-01-28T00:00:00,21000692,SAC,100,A
2011-01-29T00:00:00,21000693,CHI,110,H
2011-01-29T00:00:00,21000693,IND,89,A
2011-01-29T00:00:00,21000694,MEM,107,H
2011-01-29T00:00:00,21000694,WAS,93,A
2011-01-29T00:00:00,21000695,MIN,103,H
2011-01-29T00:00:00,21000695,TOR,87,A
2011-01-29T00:00:00,21000696,DAL,102,H
2011-01-29T00:00:00,21000696,ATL,91,A
2011-01-29T00:00:00,21000697,MIL,91,H
2011-01-29T00:00:00,21000697,NJN,81,A
2011-01-29T00:00:00,21000698,SAS,108,H
2011-01-29T00:00:00,21000698,HOU,95,A
2011-01-29T00:00:00,21000699,SAC,102,H
2011-01-29T00:00:00,21000699,NOH,96,A
2011-01-29T00:00:00,21000700,LAC,103,H
2011-01-29T00:00:00,21000700,CHA,88,A
2011-01-30T00:00:00,21000701,OKC,103,H
2011-01-30T00:00:00,21000701,MIA,108,A
2011-01-30T00:00:00,21000702,LAL,96,H
2011-01-30T00:00:00,21000702,BOS,109,A
2011-01-30T00:00:00,21000703,ORL,103,H
2011-01-30T00:00:00,21000703,CLE,87,A
2011-01-30T00:00:00,21000704,PHI,110,H
2011-01-30T00:00:00,21000704,DEN,99,A
2011-01-30T00:00:00,21000705,NYK,124,H
2011-01-30T00:00:00,21000705,DET,106,A
2011-01-30T00:00:00,21000706,PHX,104,H
2011-01-30T00:00:00,21000706,NOH,102,A
2011-01-30T00:00:00,21000707,GSW,96,H
2011-01-30T00:00:00,21000707,UTA,81,A
2011-01-31T00:00:00,21000708,IND,104,H
2011-01-31T00:00:00,21000708,TOR,93,A
2011-01-31T00:00:00,21000709,NJN,115,H
2011-01-31T00:00:00,21000709,DEN,99,A
2011-01-31T00:00:00,21000710,MIA,117,H
2011-01-31T00:00:00,21000710,CLE,90,A
2011-01-31T00:00:00,21000711,MEM,100,H
2011-01-31T00:00:00,21000711,ORL,97,A
2011-01-31T00:00:00,21000712,DAL,102,H
2011-01-31T00:00:00,21000712,WAS,92,A
2011-01-31T00:00:00,21000713,UTA,83,H
2011-01-31T00:00:00,21000713,CHA,78,A
2011-01-31T00:00:00,21000714,LAC,105,H
2011-01-31T00:00:00,21000714,MIL,98,A
2011-02-01T00:00:00,21000715,NOH,97,H
2011-02-01T00:00:00,21000715,WAS,89,A
2011-02-01T00:00:00,21000716,POR,99,H
2011-02-01T00:00:00,21000716,SAS,86,A
2011-02-01T00:00:00,21000717,SAC,90,H
2011-02-01T00:00:00,21000717,BOS,95,A
2011-02-01T00:00:00,21000718,LAL,114,H
2011-02-01T00:00:00,21000718,HOU,106,A
2011-02-02T00:00:00,21000719,ATL,100,H
2011-02-02T00:00:00,21000719,TOR,87,A
2011-02-02T00:00:00,21000720,CLE,112,H
2011-02-02T00:00:00,21000720,IND,117,A
2011-02-02T00:00:00,21000721,NJN,92,H
2011-02-02T00:00:00,21000721,PHI,106,A
2011-02-02T00:00:00,21000722,DET,87,H
2011-02-02T00:00:00,21000722,CHA,97,A
2011-02-02T00:00:00,21000723,NYK,97,H
2011-02-02T00:00:00,21000723,DAL,113,A
2011-02-02T00:00:00,21000724,MIN,84,H
2011-02-02T00:00:00,21000724,MEM,102,A
2011-02-02T00:00:00,21000725,OKC,104,H
2011-02-02T00:00:00,21000725,NOH,93,A
2011-02-02T00:00:00,21000726,DEN,109,H
2011-02-02T00:00:00,21000726,POR,90,A
2011-02-02T00:00:00,21000727,PHX,92,H
2011-02-02T00:00:00,21000727,MIL,77,A
2011-02-02T00:00:00,21000728,UTA,96,H
2011-02-02T00:00:00,21000728,HOU,97,A
2011-02-02T00:00:00,21000729,LAC,88,H
2011-02-02T00:00:00,21000729,CHI,106,A
2011-02-03T00:00:00,21000730,ORL,100,H
2011-02-03T00:00:00,21000730,MIA,104,A
2011-02-03T00:00:00,21000731,GSW,100,H
2011-02-03T00:00:00,21000731,MIL,94,A
2011-02-03T00:00:00,21000732,LAL,88,H
2011-02-03T00:00:00,21000732,SAS,89,A
2011-02-04T00:00:00,21000733,CHA,97,H
2011-02-04T00:00:00,21000733,MIA,109,A
2011-02-04T00:00:00,21000734,IND,100,H
2011-02-04T00:00:00,21000734,POR,87,A
2011-02-04T00:00:00,21000735,PHI,100,H
2011-02-04T00:00:00,21000735,NYK,98,A
2011-02-04T00:00:00,21000736,TOR,111,H
2011-02-04T00:00:00,21000736,MIN,100,A
2011-02-04T00:00:00,21000737,WAS,92,H
2011-02-04T00:00:00,21000737,ORL,110,A
2011-02-04T00:00:00,21000738,ATL,101,H
2011-02-04T00:00:00,21000738,LAC,100,A
2011-02-04T00:00:00,21000739,DET,92,H
2011-02-04T00:00:00,21000739,NJN,82,A
2011-02-04T00:00:00,21000740,BOS,97,H
2011-02-04T00:00:00,21000740,DAL,101,A
2011-02-04T00:00:00,21000741,MEM,112,H
2011-02-04T00:00:00,21000741,CLE,105,A
2011-02-04T00:00:00,21000742,PHX,107,H
2011-02-04T00:00:00,21000742,OKC,111,A
2011-02-04T00:00:00,21000743,SAC,100,H
2011-02-04T00:00:00,21000743,SAS,113,A
2011-02-04T00:00:00,21000744,DEN,106,H
2011-02-04T00:00:00,21000744,UTA,113,A
2011-02-05T00:00:00,21000745,CHA,92,H
2011-02-05T00:00:00,21000745,DAL,101,A
2011-02-05T00:00:00,21000746,WAS,92,H
2011-02-05T00:00:00,21000746,ATL,99,A
2011-02-05T00:00:00,21000747,CLE,105,H
2011-02-05T00:00:00,21000747,POR,111,A
2011-02-05T00:00:00,21000748,NOH,95,H
2011-02-05T00:00:00,21000748,LAL,101,A
2011-02-05T00:00:00,21000749,HOU,95,H
2011-02-05T00:00:00,21000749,MEM,93,A
2011-02-05T00:00:00,21000750,MIL,78,H
2011-02-05T00:00:00,21000750,DET,89,A
2011-02-05T00:00:00,21000751,MIN,100,H
2011-02-05T00:00:00,21000751,DEN,113,A
2011-02-05T00:00:00,21000752,UTA,105,H
2011-02-05T00:00:00,21000752,OKC,121,A
2011-02-05T00:00:00,21000753,GSW,101,H
2011-02-05T00:00:00,21000753,CHI,90,A
2011-02-06T00:00:00,21000754,MIA,97,H
2011-02-06T00:00:00,21000754,LAC,79,A
2011-02-06T00:00:00,21000755,NJN,86,H
2011-02-06T00:00:00,21000755,IND,105,A
2011-02-06T00:00:00,21000756,NYK,117,H
2011-02-06T00:00:00,21000756,PHI,103,A
2011-02-06T00:00:00,21000757,BOS,91,H
2011-02-06T00:00:00,21000757,ORL,80,A
2011-02-07T00:00:00,21000758,CHA,94,H
2011-02-07T00:00:00,21000758,BOS,89,A
2011-02-07T00:00:00,21000759,MEM,84,H
2011-02-07T00:00:00,21000759,LAL,93,A
2011-02-07T00:00:00,21000760,NOH,92,H
2011-02-07T00:00:00,21000760,MIN,104,A
2011-02-07T00:00:00,21000761,DAL,99,H
2011-02-07T00:00:00,21000761,CLE,96,A
2011-02-07T00:00:00,21000762,DEN,103,H
2011-02-07T00:00:00,21000762,HOU,108,A
2011-02-07T00:00:00,21000763,POR,109,H
2011-02-07T00:00:00,21000763,CHI,103,A
2011-02-07T00:00:00,21000764,SAC,104,H
2011-02-07T00:00:00,21000764,UTA,107,A
2011-02-07T00:00:00,21000765,GSW,92,H
2011-02-07T00:00:00,21000765,PHX,104,A
2011-02-08T00:00:00,21000766,ATL,83,H
2011-02-08T00:00:00,21000766,PHI,117,A
2011-02-08T00:00:00,21000767,ORL,101,H
2011-02-08T00:00:00,21000767,LAC,85,A
2011-02-08T00:00:00,21000768,DET,89,H
2011-02-08T00:00:00,21000768,SAS,100,A
2011-02-08T00:00:00,21000769,MIA,117,H
2011-02-08T00:00:00,21000769,IND,112,A
2011-02-08T00:00:00,21000770,MIL,92,H
2011-02-08T00:00:00,21000770,TOR,74,A
2011-02-08T00:00:00,21000771,OKC,101,H
2011-02-08T00:00:00,21000771,MEM,105,A
2011-02-08T00:00:00,21000772,HOU,108,H
2011-02-08T00:00:00,21000772,MIN,112,A
2011-02-09T00:00:00,21000773,CLE,94,H
2011-02-09T00:00:00,21000773,DET,103,A
2011-02-09T00:00:00,21000774,IND,104,H
2011-02-09T00:00:00,21000774,CHA,103,A
2011-02-09T00:00:00,21000775,NJN,103,H
2011-02-09T00:00:00,21000775,NOH,101,A
2011-02-09T00:00:00,21000776,PHI,95,H
2011-02-09T00:00:00,21000776,ORL,99,A
2011-02-09T00:00:00,21000777,TOR,100,H
2011-02-09T00:00:00,21000777,SAS,111,A
2011-02-09T00:00:00,21000778,WAS,100,H
2011-02-09T00:00:00,21000778,MIL,85,A
2011-02-09T00:00:00,21000779,NYK,108,H
2011-02-09T00:00:00,21000779,LAC,116,A
2011-02-09T00:00:00,21000780,UTA,86,H
2011-02-09T00:00:00,21000780,CHI,91,A
2011-02-09T00:00:00,21000781,SAC,100,H
2011-02-09T00:00:00,21000781,DAL,102,A
2011-02-09T00:00:00,21000782,GSW,116,H
2011-02-09T00:00:00,21000782,DEN,114,A
2011-02-10T00:00:00,21000783,BOS,86,H
2011-02-10T00:00:00,21000783,LAL,92,A
2011-02-10T00:00:00,21000784,PHX,112,H
2011-02-10T00:00:00,21000784,GSW,88,A
2011-02-10T00:00:00,21000785,DEN,121,H
2011-02-10T00:00:00,21000785,DAL,120,A
2011-02-11T00:00:00,21000786,CHA,89,H
2011-02-11T00:00:00,21000786,NJN,94,A
2011-02-11T00:00:00,21000787,IND,116,H
2011-02-11T00:00:00,21000787,MIN,105,A
2011-02-11T00:00:00,21000788,ORL,93,H
2011-02-11T00:00:00,21000788,NOH,99,A
2011-02-11T00:00:00,21000789,PHI,77,H
2011-02-11T00:00:00,21000789,SAS,71,A
2011-02-11T00:00:00,21000790,TOR,96,H
2011-02-11T00:00:00,21000790,POR,102,A
2011-02-11T00:00:00,21000791,CLE,126,H
2011-02-11T00:00:00,21000791,LAC,119,A
2011-02-11T00:00:00,21000792,DET,92,H
2011-02-11T00:00:00,21000792,MIA,106,A
2011-02-11T00:00:00,21000793,NYK,96,H
2011-02-11T00:00:00,21000793,LAL,113,A
2011-02-11T00:00:00,21000794,MEM,89,H
2011-02-11T00:00:00,21000794,MIL,86,A
2011-02-11T00:00:00,21000795,UTA,83,H
2011-02-11T00:00:00,21000795,PHX,95,A
2011-02-12T00:00:00,21000796,ATL,86,H
2011-02-12T00:00:00,21000796,CHA,88,A
2011-02-12T00:00:00,21000797,NJN,95,H
2011-02-12T00:00:00,21000797,NYK,105,A
2011-02-12T00:00:00,21000798,WAS,94,H
2011-02-12T00:00:00,21000798,SAS,118,A
2011-02-12T00:00:00,21000799,MIN,87,H
2011-02-12T00:00:00,21000799,PHI,107,A
2011-02-12T00:00:00,21000800,NOH,88,H
2011-02-12T00:00:00,21000800,CHI,97,A
2011-02-12T00:00:00,21000801,HOU,102,H
2011-02-12T00:00:00,21000801,DAL,106,A
2011-02-12T00:00:00,21000802,MIL,97,H
2011-02-12T00:00:00,21000802,IND,103,A
2011-02-12T00:00:00,21000803,SAC,97,H
2011-02-12T00:00:00,21000803,OKC,99,A
2011-02-13T00:00:00,21000804,BOS,85,H
2011-02-13T00:00:00,21000804,MIA,82,A
2011-02-13T00:00:00,21000805,ORL,89,H
2011-02-13T00:00:00,21000805,LAL,75,A
2011-02-13T00:00:00,21000806,CLE,100,H
2011-02-13T00:00:00,21000806,WAS,115,A
2011-02-13T00:00:00,21000807,DET,100,H
2011-02-13T00:00:00,21000807,POR,105,A
2011-02-13T00:00:00,21000808,TOR,98,H
2011-02-13T00:00:00,21000808,LAC,93,A
2011-02-13T00:00:00,21000809,MEM,116,H
2011-02-13T00:00:00,21000809,DEN,108,A
2011-02-13T00:00:00,21000810,PHX,108,H
2011-02-13T00:00:00,21000810,SAC,113,A
2011-02-13T00:00:00,21000811,GSW,100,H
2011-02-13T00:00:00,21000811,OKC,94,A
2011-02-14T00:00:00,21000812,CHA,109,H
2011-02-14T00:00:00,21000812,LAL,89,A
2011-02-14T00:00:00,21000813,NJN,85,H
2011-02-14T00:00:00,21000813,SAS,102,A
2011-02-14T00:00:00,21000814,DET,79,H
2011-02-14T00:00:00,21000814,ATL,94,A
2011-02-14T00:00:00,21000815,MIL,102,H
2011-02-14T00:00:00,21000815,LAC,78,A
2011-02-14T00:00:00,21000816,MIN,81,H
2011-02-14T00:00:00,21000816,POR,95,A
2011-02-14T00:00:00,21000817,HOU,121,H
2011-02-14T00:00:00,21000817,DEN,102,A
2011-02-15T00:00:00,21000818,IND,103,H
2011-02-15T00:00:00,21000818,MIA,110,A
2011-02-15T00:00:00,21000819,CHI,106,H
2011-02-15T00:00:00,21000819,CHA,94,A
2011-02-15T00:00:00,21000820,MEM,102,H
2011-02-15T00:00:00,21000820,PHI,91,A
2011-02-15T00:00:00,21000821,OKC,126,H
2011-02-15T00:00:00,21000821,SAC,96,A
2011-02-15T00:00:00,21000822,PHX,102,H
2011-02-15T00:00:00,21000822,UTA,101,A
2011-02-15T00:00:00,21000823,GSW,102,H
2011-02-15T00:00:00,21000823,NOH,89,A
2011-02-16T00:00:00,21000824,ORL,101,H
2011-02-16T00:00:00,21000824,WAS,76,A
2011-02-16T00:00:00,21000825,TOR,95,H
2011-02-16T00:00:00,21000825,MIA,103,A
2011-02-16T00:00:00,21000826,BOS,94,H
2011-02-16T00:00:00,21000826,NJN,80,A
2011-02-16T00:00:00,21000827,CLE,104,H
2011-02-16T00:00:00,21000827,LAL,99,A
2011-02-16T00:00:00,21000828,DET,115,H
2011-02-16T00:00:00,21000828,IND,109,A
2011-02-16T00:00:00,21000829,NYK,102,H
2011-02-16T00:00:00,21000829,ATL,90,A
2011-02-16T00:00:00,21000830,MIN,90,H
2011-02-16T00:00:00,21000830,LAC,98,A
2011-02-16T00:00:00,21000831,DAL,116,H
2011-02-16T00:00:00,21000831,SAC,100,A
2011-02-16T00:00:00,21000832,HOU,105,H
2011-02-16T00:00:00,21000832,PHI,114,A
2011-02-16T00:00:00,21000833,MIL,87,H
2011-02-16T00:00:00,21000833,DEN,94,A
2011-02-16T00:00:00,21000834,UTA,100,H
2011-02-16T00:00:00,21000834,GSW,107,A
2011-02-16T00:00:00,21000835,POR,103,H
2011-02-16T00:00:00,21000835,NOH,96,A
2011-02-17T00:00:00,21000836,CHI,109,H
2011-02-17T00:00:00,21000836,SAS,99,A
2011-02-17T00:00:00,21000837,PHX,106,H
2011-02-17T00:00:00,21000837,DAL,112,A
2011-02-22T00:00:00,21000838,CHA,114,H
2011-02-22T00:00:00,21000838,TOR,101,A
2011-02-22T00:00:00,21000839,WAS,96,H
2011-02-22T00:00:00,21000839,IND,113,A
2011-02-22T00:00:00,21000840,DET,100,H
2011-02-22T00:00:00,21000840,HOU,108,A
2011-02-22T00:00:00,21000841,MIA,117,H
2011-02-22T00:00:00,21000841,SAC,97,A
2011-02-22T00:00:00,21000842,MIL,94,H
2011-02-22T00:00:00,21000842,MIN,88,A
2011-02-22T00:00:00,21000843,OKC,111,H
2011-02-22T00:00:00,21000843,LAC,88,A
2011-02-22T00:00:00,21000844,DEN,120,H
2011-02-22T00:00:00,21000844,MEM,107,A
2011-02-22T00:00:00,21000845,GSW,93,H
2011-02-22T00:00:00,21000845,BOS,115,A
2011-02-22T00:00:00,21000846,LAL,104,H
2011-02-22T00:00:00,21000846,ATL,80,A
2011-02-23T00:00:00,21000847,CLE,119,H
2011-02-23T00:00:00,21000847,HOU,124,A
2011-02-23T00:00:00,21000848,IND,102,H
2011-02-23T00:00:00,21000848,DET,101,A
2011-02-23T00:00:00,21000849,ORL,105,H
2011-02-23T00:00:00,21000849,SAC,111,A
2011-02-23T00:00:00,21000850,PHI,117,H
2011-02-23T00:00:00,21000850,WAS,94,A
2011-02-23T00:00:00,21000851,TOR,118,H
2011-02-23T00:00:00,21000851,CHI,113,A
2011-02-23T00:00:00,21000852,NYK,114,H
2011-02-23T00:00:00,21000852,MIL,108,A
2011-02-23T00:00:00,21000853,MIN,95,H
2011-02-23T00:00:00,21000853,MEM,104,A
2011-02-23T00:00:00,21000854,NOH,98,H
2011-02-23T00:00:00,21000854,LAC,87,A
2011-02-23T00:00:00,21000855,SAS,109,H
2011-02-23T00:00:00,21000855,OKC,105,A
2011-02-23T00:00:00,21000856,DAL,118,H
2011-02-23T00:00:00,21000856,UTA,99,A
2011-02-23T00:00:00,21000857,PHX,105,H
2011-02-23T00:00:00,21000857,ATL,97,A
2011-02-23T00:00:00,21000858,POR,101,H
2011-02-23T00:00:00,21000858,LAL,106,A
2011-02-24T00:00:00,21000859,CHI,93,H
2011-02-24T00:00:00,21000859,MIA,89,A
2011-02-24T00:00:00,21000860,DEN,89,H
2011-02-24T00:00:00,21000860,BOS,75,A
2011-02-25T00:00:00,21000861,CHA,110,H
2011-02-25T00:00:00,21000861,SAC,98,A
2011-02-25T00:00:00,21000862,IND,84,H
2011-02-25T00:00:00,21000862,UTA,95,A
2011-02-25T00:00:00,21000863,PHI,110,H
2011-02-25T00:00:00,21000863,DET,94,A
2011-02-25T00:00:00,21000864,TOR,92,H
2011-02-25T00:00:00,21000864,PHX,110,A
2011-02-25T00:00:00,21000865,CLE,115,H
2011-02-25T00:00:00,21000865,NYK,109,A
2011-02-25T00:00:00,21000866,MIA,121,H
2011-02-25T00:00:00,21000866,WAS,113,A
2011-02-25T00:00:00,21000867,ORL,111,H
2011-02-25T00:00:00,21000867,OKC,88,A
2011-02-25T00:00:00,21000868,MIN,81,H
2011-02-25T00:00:00,21000868,NOH,95,A
2011-02-25T00:00:00,21000869,SAS,106,H
2011-02-25T00:00:00,21000869,NJN,96,A
2011-02-25T00:00:00,21000870,GSW,79,H
2011-02-25T00:00:00,21000870,ATL,95,A
2011-02-25T00:00:00,21000871,LAL,108,H
2011-02-25T00:00:00,21000871,LAC,95,A
2011-02-25T00:00:00,21000872,POR,107,H
2011-02-25T00:00:00,21000872,DEN,106,A
2011-02-26T00:00:00,21000873,WAS,99,H
2011-02-26T00:00:00,21000873,DAL,105,A
2011-02-26T00:00:00,21000874,DET,120,H
2011-02-26T00:00:00,21000874,UTA,116,A
2011-02-26T00:00:00,21000875,MEM,120,H
2011-02-26T00:00:00,21000875,SAC,92,A
2011-02-26T00:00:00,21000876,HOU,123,H
2011-02-26T00:00:00,21000876,NJN,108,A
2011-02-26T00:00:00,21000877,MIL,75,H
2011-02-26T00:00:00,21000877,CHI,83,A
2011-02-26T00:00:00,21000878,LAC,92,H
2011-02-26T00:00:00,21000878,BOS,99,A
2011-02-27T00:00:00,21000879,IND,108,H
2011-02-27T00:00:00,21000879,PHX,110,A
2011-02-27T00:00:00,21000880,OKC,87,H
2011-02-27T00:00:00,21000880,LAL,90,A
2011-02-27T00:00:00,21000881,CLE,91,H
2011-02-27T00:00:00,21000881,PHI,95,A
2011-02-27T00:00:00,21000882,MIN,126,H
2011-02-27T00:00:00,21000882,GSW,123,A
2011-02-27T00:00:00,21000883,ORL,100,H
2011-02-27T00:00:00,21000883,CHA,86,A
2011-02-27T00:00:00,21000884,TOR,96,H
2011-02-27T00:00:00,21000884,DAL,114,A
2011-02-27T00:00:00,21000885,NOH,89,H
2011-02-27T00:00:00,21000885,HOU,91,A
2011-02-27T00:00:00,21000886,SAS,95,H
2011-02-27T00:00:00,21000886,MEM,88,A
2011-02-27T00:00:00,21000887,MIA,86,H
2011-02-27T00:00:00,21000887,NYK,91,A
2011-02-27T00:00:00,21000888,POR,83,H
2011-02-27T00:00:00,21000888,ATL,90,A
2011-02-28T00:00:00,21000889,NJN,103,H
2011-02-28T00:00:00,21000889,PHX,104,A
2011-02-28T00:00:00,21000890,WAS,77,H
2011-02-28T00:00:00,21000890,CHI,105,A
2011-02-28T00:00:00,21000891,DEN,100,H
2011-02-28T00:00:00,21000891,ATL,90,A
2011-02-28T00:00:00,21000892,UTA,102,H
2011-02-28T00:00:00,21000892,BOS,107,A
2011-02-28T00:00:00,21000893,SAC,105,H
2011-02-28T00:00:00,21000893,LAC,99,A
2011-03-01T00:00:00,21000894,IND,109,H
2011-03-01T00:00:00,21000894,GSW,100,A
2011-03-01T00:00:00,21000895,ORL,116,H
2011-03-01T00:00:00,21000895,NYK,110,A
2011-03-01T00:00:00,21000896,PHI,93,H
2011-03-01T00:00:00,21000896,DAL,101,A
2011-03-01T00:00:00,21000897,TOR,96,H
2011-03-01T00:00:00,21000897,NOH,90,A
2011-03-01T00:00:00,21000898,MEM,109,H
2011-03-01T00:00:00,21000898,SAS,93,A
2011-03-01T00:00:00,21000899,MIL,92,H
2011-03-01T00:00:00,21000899,DET,90,A
2011-03-01T00:00:00,21000900,MIN,79,H
2011-03-01T00:00:00,21000900,LAL,90,A
2011-03-01T00:00:00,21000901,POR,87,H
2011-03-01T00:00:00,21000901,HOU,103,A
2011-03-02T00:00:00,21000902,ATL,83,H
2011-03-02T00:00:00,21000902,CHI,80,A
2011-03-02T00:00:00,21000903,CLE,99,H
2011-03-02T00:00:00,21000903,SAS,109,A
2011-03-02T00:00:00,21000904,WAS,102,H
2011-03-02T00:00:00,21000904,GSW,106,A
2011-03-02T00:00:00,21000905,BOS,115,H
2011-03-02T00:00:00,21000905,PHX,103,A
2011-03-02T00:00:00,21000906,DET,105,H
2011-03-02T00:00:00,21000906,MIN,116,A
2011-03-02T00:00:00,21000907,NYK,107,H
2011-03-02T00:00:00,21000907,NOH,88,A
2011-03-02T00:00:00,21000908,OKC,113,H
2011-03-02T00:00:00,21000908,IND,89,A
2011-03-02T00:00:00,21000909,DEN,120,H
2011-03-02T00:00:00,21000909,CHA,80,A
2011-03-02T00:00:00,21000910,SAC,102,H
2011-03-02T00:00:00,21000910,POR,107,A
2011-03-02T00:00:00,21000911,LAC,106,H
2011-03-02T00:00:00,21000911,HOU,103,A
2011-03-03T00:00:00,21000912,MIA,96,H
2011-03-03T00:00:00,21000912,ORL,99,A
2011-03-03T00:00:00,21000913,UTA,101,H
2011-03-03T00:00:00,21000913,DEN,103,A
2011-03-04T00:00:00,21000914,NJN,116,H
2011-03-04T00:00:00,21000914,TOR,103,A
2011-03-04T00:00:00,21000915,ORL,81,H
2011-03-04T00:00:00,21000915,CHI,89,A
2011-03-04T00:00:00,21000916,PHI,111,H
2011-03-04T00:00:00,21000916,MIN,100,A
2011-03-04T00:00:00,21000917,ATL,104,H
2011-03-04T00:00:00,21000917,OKC,111,A
2011-03-04T00:00:00,21000918,BOS,107,H
2011-03-04T00:00:00,21000918,GSW,103,A
2011-03-04T00:00:00,21000919,NYK,115,H
2011-03-04T00:00:00,21000919,CLE,119,A
2011-03-04T00:00:00,21000920,MEM,91,H
2011-03-04T00:00:00,21000920,NOH,98,A
2011-03-04T00:00:00,21000921,DAL,116,H
2011-03-04T00:00:00,21000921,IND,108,A
2011-03-05T00:00:00,21000925,NJN,137,H
2011-03-05T00:00:00,21000925,TOR,136,A
2011-03-05T00:00:00,21000926,WAS,103,H
2011-03-05T00:00:00,21000926,MIN,96,A
2011-03-05T00:00:00,21000927,HOU,112,H
2011-03-05T00:00:00,21000927,IND,95,A
2011-03-05T00:00:00,21000928,UTA,109,H
2011-03-05T00:00:00,21000928,SAC,102,A
2011-03-05T00:00:00,21000929,POR,93,H
2011-03-05T00:00:00,21000929,CHA,69,A
2011-03-05T00:00:00,21000930,LAC,100,H
2011-03-05T00:00:00,21000930,DEN,94,A
2011-03-06T00:00:00,21000931,MIA,86,H
2011-03-06T00:00:00,21000931,CHI,87,A
2011-03-06T00:00:00,21000932,SAS,83,H
2011-03-06T00:00:00,21000932,LAL,99,A
2011-03-06T00:00:00,21000933,ATL,79,H
2011-03-06T00:00:00,21000933,NYK,92,A
2011-03-06T00:00:00,21000934,DET,113,H
2011-03-06T00:00:00,21000934,WAS,102,A
2011-03-06T00:00:00,21000935,PHI,125,H
2011-03-06T00:00:00,21000935,GSW,117,A
2011-03-06T00:00:00,21000936,CLE,81,H
2011-03-06T00:00:00,21000936,NOH,96,A
2011-03-06T00:00:00,21000937,OKC,122,H
2011-03-06T00:00:00,21000937,PHX,118,A
2011-03-06T00:00:00,21000938,DAL,103,H
2011-03-06T00:00:00,21000938,MEM,104,A
2011-03-06T00:00:00,21000939,MIL,83,H
2011-03-06T00:00:00,21000939,BOS,89,A
2011-03-07T00:00:00,21000940,CHA,87,H
2011-03-07T00:00:00,21000940,LAC,92,A
2011-03-07T00:00:00,21000941,ORL,85,H
2011-03-07T00:00:00,21000941,POR,89,A
2011-03-07T00:00:00,21000942,NYK,131,H
2011-03-07T00:00:00,21000942,UTA,109,A
2011-03-07T00:00:00,21000943,CHI,85,H
2011-03-07T00:00:00,21000943,NOH,77,A
2011-03-07T00:00:00,21000944,MEM,107,H
2011-03-07T00:00:00,21000944,OKC,101,A
2011-03-07T00:00:00,21000945,MIN,105,H
2011-03-07T00:00:00,21000945,DAL,108,A
2011-03-07T00:00:00,21000946,SAC,101,H
2011-03-07T00:00:00,21000946,HOU,123,A
2011-03-08T00:00:00,21000947,ATL,87,H
2011-03-08T00:00:00,21000947,LAL,101,A
2011-03-08T00:00:00,21000948,CLE,85,H
2011-03-08T00:00:00,21000948,GSW,95,A
2011-03-08T00:00:00,21000949,IND,100,H
2011-03-08T00:00:00,21000949,PHI,110,A
2011-03-08T00:00:00,21000950,WAS,76,H
2011-03-08T00:00:00,21000950,MIL,95,A
2011-03-08T00:00:00,21000951,MIA,96,H
2011-03-08T00:00:00,21000951,POR,105,A
2011-03-08T00:00:00,21000952,PHX,113,H
2011-03-08T00:00:00,21000952,HOU,110,A
2011-03-09T00:00:00,21000953,CHA,84,H
2011-03-09T00:00:00,21000953,CHI,101,A
2011-03-09T00:00:00,21000954,NJN,94,H
2011-03-09T00:00:00,21000954,GSW,90,A
2011-03-09T00:00:00,21000955,PHI,105,H
2011-03-09T00:00:00,21000955,OKC,110,A
2011-03-09T00:00:00,21000956,TOR,94,H
2011-03-09T00:00:00,21000956,UTA,96,A
2011-03-09T00:00:00,21000957,BOS,103,H
2011-03-09T00:00:00,21000957,LAC,108,A
2011-03-09T00:00:00,21000958,MEM,108,H
2011-03-09T00:00:00,21000958,NYK,110,A
2011-03-09T00:00:00,21000959,MIL,110,H
2011-03-09T00:00:00,21000959,CLE,90,A
2011-03-09T00:00:00,21000960,MIN,101,H
2011-03-09T00:00:00,21000960,IND,75,A
2011-03-09T00:00:00,21000961,NOH,93,H
2011-03-09T00:00:00,21000961,DAL,92,A
2011-03-09T00:00:00,21000962,SAS,111,H
2011-03-09T00:00:00,21000962,DET,104,A
2011-03-09T00:00:00,21000963,SAC,102,H
2011-03-09T00:00:00,21000963,ORL,106,A
2011-03-10T00:00:00,21000964,MIA,94,H
2011-03-10T00:00:00,21000964,LAL,88,A
2011-03-10T00:00:00,21000965,DAL,127,H
2011-03-10T00:00:00,21000965,NYK,109,A
2011-03-10T00:00:00,21000966,PHX,97,H
2011-03-10T00:00:00,21000966,DEN,116,A
2011-03-11T00:00:00,21000967,CHA,97,H
2011-03-11T00:00:00,21000967,POR,92,A
2011-03-11T00:00:00,21000968,NJN,102,H
2011-03-11T00:00:00,21000968,LAC,98,A
2011-03-11T00:00:00,21000969,PHI,89,H
2011-03-11T00:00:00,21000969,BOS,86,A
2011-03-11T00:00:00,21000970,TOR,108,H
2011-03-11T00:00:00,21000970,IND,98,A
2011-03-11T00:00:00,21000971,CHI,94,H
2011-03-11T00:00:00,21000971,ATL,76,A
2011-03-11T00:00:00,21000972,MIN,122,H
2011-03-11T00:00:00,21000972,UTA,101,A
2011-03-11T00:00:00,21000973,OKC,104,H
2011-03-11T00:00:00,21000973,DET,94,A
2011-03-11T00:00:00,21000974,SAS,108,H
2011-03-11T00:00:00,21000974,SAC,103,A
2011-03-11T00:00:00,21000975,GSW,123,H
2011-03-11T00:00:00,21000975,ORL,120,A
2011-03-12T00:00:00,21000976,MIA,118,H
2011-03-12T00:00:00,21000976,MEM,85,A
2011-03-12T00:00:00,21000977,ATL,91,H
2011-03-12T00:00:00,21000977,POR,82,A
2011-03-12T00:00:00,21000978,WAS,101,H
2011-03-12T00:00:00,21000978,LAC,122,A
2011-03-12T00:00:00,21000979,CHI,118,H
2011-03-12T00:00:00,21000979,UTA,100,A
2011-03-12T00:00:00,21000980,MIL,102,H
2011-03-12T00:00:00,21000980,PHI,74,A
2011-03-12T00:00:00,21000981,NOH,115,H
2011-03-12T00:00:00,21000981,SAC,103,A
2011-03-12T00:00:00,21000982,DAL,91,H
2011-03-12T00:00:00,21000982,LAL,96,A
2011-03-12T00:00:00,21000983,HOU,107,H
2011-03-12T00:00:00,21000983,SAS,115,A
2011-03-12T00:00:00,21000984,DEN,131,H
2011-03-12T00:00:00,21000984,DET,101,A
2011-03-13T00:00:00,21000985,CLE,75,H
2011-03-13T00:00:00,21000985,OKC,95,A
2011-03-13T00:00:00,21000986,TOR,90,H
2011-03-13T00:00:00,21000986,CHA,95,A
2011-03-13T00:00:00,21000987,PHX,88,H
2011-03-13T00:00:00,21000987,ORL,111,A
2011-03-13T00:00:00,21000988,BOS,87,H
2011-03-13T00:00:00,21000988,MIL,56,A
2011-03-13T00:00:00,21000989,NYK,93,H
2011-03-13T00:00:00,21000989,IND,106,A
2011-03-13T00:00:00,21000990,GSW,100,H
2011-03-13T00:00:00,21000990,MIN,77,A
2011-03-14T00:00:00,21000991,NJN,88,H
2011-03-14T00:00:00,21000991,BOS,79,A
2011-03-14T00:00:00,21000992,WAS,89,H
2011-03-14T00:00:00,21000992,OKC,116,A
2011-03-14T00:00:00,21000993,MIA,110,H
2011-03-14T00:00:00,21000993,SAS,80,A
2011-03-14T00:00:00,21000994,MEM,105,H
2011-03-14T00:00:00,21000994,LAC,82,A
2011-03-14T00:00:00,21000995,NOH,103,H
2011-03-14T00:00:00,21000995,DEN,114,A
2011-03-14T00:00:00,21000996,HOU,95,H
2011-03-14T00:00:00,21000996,PHX,93,A
2011-03-14T00:00:00,21000997,UTA,112,H
2011-03-14T00:00:00,21000997,PHI,107,A
2011-03-14T00:00:00,21000998,SAC,129,H
2011-03-14T00:00:00,21000998,GSW,119,A
2011-03-14T00:00:00,21000999,LAL,97,H
2011-03-14T00:00:00,21000999,ORL,84,A
2011-03-15T00:00:00,21001000,IND,119,H
2011-03-15T00:00:00,21001000,NYK,117,A
2011-03-15T00:00:00,21001001,CHI,98,H
2011-03-15T00:00:00,21001001,WAS,79,A
2011-03-15T00:00:00,21001002,POR,104,H
2011-03-15T00:00:00,21001002,DAL,101,A
2011-03-16T00:00:00,21001003,ATL,87,H
2011-03-16T00:00:00,21001003,DEN,102,A
2011-03-16T00:00:00,21001004,BOS,92,H
2011-03-16T00:00:00,21001004,IND,80,A
2011-03-16T00:00:00,21001005,DET,107,H
2011-03-16T00:00:00,21001005,TOR,93,A
2011-03-16T00:00:00,21001006,MIA,85,H
2011-03-16T00:00:00,21001006,OKC,96,A
2011-03-16T00:00:00,21001007,MIL,89,H
2011-03-16T00:00:00,21001007,ORL,93,A
2011-03-16T00:00:00,21001008,NOH,100,H
2011-03-16T00:00:00,21001008,PHX,95,A
2011-03-16T00:00:00,21001009,HOU,94,H
2011-03-16T00:00:00,21001009,CHA,78,A
2011-03-16T00:00:00,21001010,UTA,119,H
2011-03-16T00:00:00,21001010,MIN,104,A
2011-03-16T00:00:00,21001011,SAC,93,H
2011-03-16T00:00:00,21001011,CLE,97,A
2011-03-16T00:00:00,21001012,GSW,106,H
2011-03-16T00:00:00,21001012,DAL,112,A
2011-03-16T00:00:00,21001013,LAC,94,H
2011-03-16T00:00:00,21001013,PHI,104,A
2011-03-17T00:00:00,21001014,NJN,73,H
2011-03-17T00:00:00,21001014,CHI,84,A
2011-03-17T00:00:00,21001015,NYK,120,H
2011-03-17T00:00:00,21001015,MEM,99,A
2011-03-17T00:00:00,21001016,POR,111,H
2011-03-17T00:00:00,21001016,CLE,70,A
2011-03-18T00:00:00,21001017,IND,115,H
2011-03-18T00:00:00,21001017,CHI,108,A
2011-03-18T00:00:00,21001018,ORL,85,H
2011-03-18T00:00:00,21001018,DEN,82,A
2011-03-18T00:00:00,21001019,TOR,116,H
2011-03-18T00:00:00,21001019,WAS,107,A
2011-03-18T00:00:00,21001020,ATL,85,H
2011-03-18T00:00:00,21001020,MIA,106,A
2011-03-18T00:00:00,21001021,DET,99,H
2011-03-18T00:00:00,21001021,NYK,95,A
2011-03-18T00:00:00,21001022,OKC,99,H
2011-03-18T00:00:00,21001022,CHA,82,A
2011-03-18T00:00:00,21001023,DAL,91,H
2011-03-18T00:00:00,21001023,SAS,97,A
2011-03-18T00:00:00,21001024,HOU,93,H
2011-03-18T00:00:00,21001024,BOS,77,A
2011-03-18T00:00:00,21001025,MIL,110,H
2011-03-18T00:00:00,21001025,NJN,95,A
2011-03-18T00:00:00,21001026,PHX,108,H
2011-03-18T00:00:00,21001026,GSW,97,A
2011-03-18T00:00:00,21001027,SAC,80,H
2011-03-18T00:00:00,21001027,PHI,102,A
2011-03-18T00:00:00,21001028,LAL,106,H
2011-03-18T00:00:00,21001028,MIN,98,A
2011-03-19T00:00:00,21001029,LAC,100,H
2011-03-19T00:00:00,21001029,CLE,92,A
2011-03-19T00:00:00,21001030,MIA,103,H
2011-03-19T00:00:00,21001030,DEN,98,A
2011-03-19T00:00:00,21001031,MEM,99,H
2011-03-19T00:00:00,21001031,IND,78,A
2011-03-19T00:00:00,21001032,NOH,85,H
2011-03-19T00:00:00,21001032,BOS,89,A
2011-03-19T00:00:00,21001033,SAS,109,H
2011-03-19T00:00:00,21001033,CHA,98,A
2011-03-19T00:00:00,21001034,POR,110,H
2011-03-19T00:00:00,21001034,PHI,101,A
2011-03-20T00:00:00,21001035,WAS,98,H
2011-03-20T00:00:00,21001035,NJN,92,A
2011-03-20T00:00:00,21001036,ATL,104,H
2011-03-20T00:00:00,21001036,DET,96,A
2011-03-20T00:00:00,21001037,MIL,100,H
2011-03-20T00:00:00,21001037,NYK,95,A
2011-03-20T00:00:00,21001038,MIN,95,H
2011-03-20T00:00:00,21001038,SAC,127,A
2011-03-20T00:00:00,21001039,LAC,99,H
2011-03-20T00:00:00,21001039,PHX,108,A
2011-03-20T00:00:00,21001040,HOU,110,H
2011-03-20T00:00:00,21001040,UTA,108,A
2011-03-20T00:00:00,21001041,OKC,93,H
2011-03-20T00:00:00,21001041,TOR,95,A
2011-03-20T00:00:00,21001042,DAL,101,H
2011-03-20T00:00:00,21001042,GSW,73,A
2011-03-20T00:00:00,21001043,LAL,84,H
2011-03-20T00:00:00,21001043,POR,80,A
2011-03-21T00:00:00,21001044,CLE,86,H
2011-03-21T00:00:00,21001044,ORL,97,A
2011-03-21T00:00:00,21001045,NJN,98,H
2011-03-21T00:00:00,21001045,IND,102,A
2011-03-21T00:00:00,21001046,NYK,86,H
2011-03-21T00:00:00,21001046,BOS,96,A
2011-03-21T00:00:00,21001047,CHI,132,H
2011-03-21T00:00:00,21001047,SAC,92,A
2011-03-21T00:00:00,21001048,MEM,103,H
2011-03-21T00:00:00,21001048,UTA,85,A
2011-03-21T00:00:00,21001049,SAS,111,H
2011-03-21T00:00:00,21001049,GSW,96,A
2011-03-21T00:00:00,21001050,DEN,123,H
2011-03-21T00:00:00,21001050,TOR,90,A
2011-03-22T00:00:00,21001051,ATL,81,H
2011-03-22T00:00:00,21001051,CHI,114,A
2011-03-22T00:00:00,21001052,POR,111,H
2011-03-22T00:00:00,21001052,WAS,76,A
2011-03-22T00:00:00,21001053,LAL,139,H
2011-03-22T00:00:00,21001053,PHX,137,A
2011-03-23T00:00:00,21001054,CHA,88,H
2011-03-23T00:00:00,21001054,IND,111,A
2011-03-23T00:00:00,21001055,CLE,94,H
2011-03-23T00:00:00,21001055,NJN,98,A
2011-03-23T00:00:00,21001056,PHI,105,H
2011-03-23T00:00:00,21001056,ATL,100,A
2011-03-23T00:00:00,21001057,BOS,87,H
2011-03-23T00:00:00,21001057,MEM,90,A
2011-03-23T00:00:00,21001058,DET,94,H
2011-03-23T00:00:00,21001058,MIA,100,A
2011-03-23T00:00:00,21001059,NYK,99,H
2011-03-23T00:00:00,21001059,ORL,111,A
2011-03-23T00:00:00,21001060,MIL,90,H
2011-03-23T00:00:00,21001060,SAC,97,A
2011-03-23T00:00:00,21001061,OKC,106,H
2011-03-23T00:00:00,21001061,UTA,94,A
2011-03-23T00:00:00,21001062,HOU,131,H
2011-03-23T00:00:00,21001062,GSW,112,A
2011-03-23T00:00:00,21001063,PHX,114,H
2011-03-23T00:00:00,21001063,TOR,106,A
2011-03-23T00:00:00,21001064,DEN,115,H
2011-03-23T00:00:00,21001064,SAS,112,A
2011-03-23T00:00:00,21001065,LAC,127,H
2011-03-23T00:00:00,21001065,WAS,119,A
2011-03-24T00:00:00,21001066,DAL,104,H
2011-03-24T00:00:00,21001066,MIN,96,A
2011-03-24T00:00:00,21001067,UTA,117,H
2011-03-24T00:00:00,21001067,NOH,121,A
2011-03-25T00:00:00,21001068,IND,93,H
2011-03-25T00:00:00,21001068,SAC,110,A
2011-03-25T00:00:00,21001069,ORL,95,H
2011-03-25T00:00:00,21001069,NJN,85,A
2011-03-25T00:00:00,21001070,BOS,81,H
2011-03-25T00:00:00,21001070,CHA,83,A
2011-03-25T00:00:00,21001071,CLE,97,H
2011-03-25T00:00:00,21001071,DET,91,A
2011-03-25T00:00:00,21001072,MIA,111,H
2011-03-25T00:00:00,21001072,PHI,99,A
2011-03-25T00:00:00,21001073,NYK,96,H
2011-03-25T00:00:00,21001073,MIL,102,A
2011-03-25T00:00:00,21001074,CHI,99,H
2011-03-25T00:00:00,21001074,MEM,96,A
2011-03-25T00:00:00,21001075,OKC,111,H
2011-03-25T00:00:00,21001075,MIN,103,A
2011-03-25T00:00:00,21001076,DEN,114,H
2011-03-25T00:00:00,21001076,WAS,94,A
2011-03-25T00:00:00,21001077,PHX,100,H
2011-03-25T00:00:00,21001077,NOH,106,A
2011-03-25T00:00:00,21001078,POR,98,H
2011-03-25T00:00:00,21001078,SAS,96,A
2011-03-25T00:00:00,21001079,GSW,138,H
2011-03-25T00:00:00,21001079,TOR,100,A
2011-03-25T00:00:00,21001080,LAL,112,H
2011-03-25T00:00:00,21001080,LAC,104,A
2011-03-26T00:00:00,21001081,ATL,98,H
2011-03-26T00:00:00,21001081,NJN,87,A
2011-03-26T00:00:00,21001082,CHA,114,H
2011-03-26T00:00:00,21001082,NYK,106,A
2011-03-26T00:00:00,21001083,DET,100,H
2011-03-26T00:00:00,21001083,IND,88,A
2011-03-26T00:00:00,21001084,MIL,87,H
2011-03-26T00:00:00,21001084,CHI,95,A
2011-03-26T00:00:00,21001085,UTA,77,H
2011-03-26T00:00:00,21001085,DAL,94,A
2011-03-26T00:00:00,21001086,LAC,94,H
2011-03-26T00:00:00,21001086,TOR,90,A
2011-03-27T00:00:00,21001087,PHI,111,H
2011-03-27T00:00:00,21001087,SAC,114,A
2011-03-27T00:00:00,21001088,CLE,83,H
2011-03-27T00:00:00,21001088,ATL,99,A
2011-03-27T00:00:00,21001089,MIA,125,H
2011-03-27T00:00:00,21001089,HOU,119,A
2011-03-27T00:00:00,21001090,MEM,111,H
2011-03-27T00:00:00,21001090,SAS,104,A
2011-03-27T00:00:00,21001091,MIN,82,H
2011-03-27T00:00:00,21001091,BOS,85,A
2011-03-27T00:00:00,21001092,OKC,99,H
2011-03-27T00:00:00,21001092,POR,90,A
2011-03-27T00:00:00,21001093,GSW,114,H
2011-03-27T00:00:00,21001093,WAS,104,A
2011-03-27T00:00:00,21001094,LAL,102,H
2011-03-27T00:00:00,21001094,NOH,84,A
2011-03-27T00:00:00,21001095,PHX,83,H
2011-03-27T00:00:00,21001095,DAL,91,A
2011-03-28T00:00:00,21001096,CHA,87,H
2011-03-28T00:00:00,21001096,MIL,86,A
2011-03-28T00:00:00,21001097,IND,107,H
2011-03-28T00:00:00,21001097,BOS,100,A
2011-03-28T00:00:00,21001098,CHI,85,H
2011-03-28T00:00:00,21001098,PHI,97,A
2011-03-28T00:00:00,21001099,SAS,92,H
2011-03-28T00:00:00,21001099,POR,100,A
2011-03-28T00:00:00,21001100,UTA,95,H
2011-03-28T00:00:00,21001100,WAS,100,A
2011-03-29T00:00:00,21001101,CLE,102,H
2011-03-29T00:00:00,21001101,MIA,90,A
2011-03-29T00:00:00,21001102,NJN,87,H
2011-03-29T00:00:00,21001102,HOU,112,A
2011-03-29T00:00:00,21001103,OKC,115,H
2011-03-29T00:00:00,21001103,GSW,114,A
2011-03-29T00:00:00,21001104,SAC,116,H
2011-03-29T00:00:00,21001104,PHX,113,A
2011-03-30T00:00:00,21001105,ATL,85,H
2011-03-30T00:00:00,21001105,ORL,82,A
2011-03-30T00:00:00,21001106,CHA,98,H
2011-03-30T00:00:00,21001106,CLE,97,A
2011-03-30T00:00:00,21001107,IND,111,H
2011-03-30T00:00:00,21001107,DET,101,A
2011-03-30T00:00:00,21001108,PHI,108,H
2011-03-30T00:00:00,21001108,HOU,97,A
2011-03-30T00:00:00,21001109,TOR,98,H
2011-03-30T00:00:00,21001109,MIL,104,A
2011-03-30T00:00:00,21001110,WAS,107,H
2011-03-30T00:00:00,21001110,MIA,123,A
2011-03-30T00:00:00,21001111,NYK,120,H
2011-03-30T00:00:00,21001111,NJN,116,A
2011-03-30T00:00:00,21001112,MEM,110,H
2011-03-30T00:00:00,21001112,GSW,91,A
2011-03-30T00:00:00,21001113,MIN,91,H
2011-03-30T00:00:00,21001113,CHI,108,A
2011-03-30T00:00:00,21001114,NOH,95,H
2011-03-30T00:00:00,21001114,POR,91,A
2011-03-30T00:00:00,21001115,DEN,104,H
2011-03-30T00:00:00,21001115,SAC,90,A
2011-03-30T00:00:00,21001116,PHX,98,H
2011-03-30T00:00:00,21001116,OKC,116,A
2011-03-30T00:00:00,21001117,LAC,100,H
2011-03-30T00:00:00,21001117,DAL,106,A
2011-03-31T00:00:00,21001118,SAS,97,H
2011-03-31T00:00:00,21001118,BOS,107,A
2011-03-31T00:00:00,21001119,LAL,110,H
2011-03-31T00:00:00,21001119,DAL,82,A
2011-04-01T00:00:00,21001120,IND,89,H
2011-04-01T00:00:00,21001120,MIL,88,A
2011-04-01T00:00:00,21001121,ORL,89,H
2011-04-01T00:00:00,21001121,CHA,77,A
2011-04-01T00:00:00,21001122,PHI,115,H
2011-04-01T00:00:00,21001122,NJN,90,A
2011-04-01T00:00:00,21001123,WAS,115,H
2011-04-01T00:00:00,21001123,CLE,107,A
2011-04-01T00:00:00,21001124,DET,96,H
2011-04-01T00:00:00,21001124,CHI,101,A
2011-04-01T00:00:00,21001125,ATL,88,H
2011-04-01T00:00:00,21001125,BOS,83,A
2011-04-01T00:00:00,21001126,MIN,92,H
2011-04-01T00:00:00,21001126,MIA,111,A
2011-04-01T00:00:00,21001127,NOH,81,H
2011-04-01T00:00:00,21001127,MEM,93,A
2011-04-01T00:00:00,21001128,HOU,119,H
2011-04-01T00:00:00,21001128,SAS,114,A
2011-04-01T00:00:00,21001129,PHX,111,H
2011-04-01T00:00:00,21001129,LAC,98,A
2011-04-01T00:00:00,21001130,POR,98,H
2011-04-01T00:00:00,21001130,OKC,91,A
2011-04-01T00:00:00,21001131,SAC,90,H
2011-04-01T00:00:00,21001131,DEN,99,A
2011-04-01T00:00:00,21001132,UTA,85,H
2011-04-01T00:00:00,21001132,LAL,96,A
2011-04-02T00:00:00,21001133,CHI,113,H
2011-04-02T00:00:00,21001133,TOR,106,A
2011-04-02T00:00:00,21001134,MEM,106,H
2011-04-02T00:00:00,21001134,MIN,89,A
2011-04-02T00:00:00,21001135,MIL,93,H
2011-04-02T00:00:00,21001135,PHI,87,A
2011-04-02T00:00:00,21001136,GSW,99,H
2011-04-02T00:00:00,21001136,DAL,92,A
2011-04-02T00:00:00,21001137,LAC,98,H
2011-04-02T00:00:00,21001137,OKC,92,A
2011-04-03T00:00:00,21001138,SAS,114,H
2011-04-03T00:00:00,21001138,PHX,97,A
2011-04-03T00:00:00,21001139,LAL,90,H
2011-04-03T00:00:00,21001139,DEN,95,A
2011-04-03T00:00:00,21001140,BOS,101,H
2011-04-03T00:00:00,21001140,DET,90,A
2011-04-03T00:00:00,21001141,CHA,91,H
2011-04-03T00:00:00,21001141,WAS,97,A
2011-04-03T00:00:00,21001142,NJN,94,H
2011-04-03T00:00:00,21001142,MIA,108,A
2011-04-03T00:00:00,21001143,NYK,123,H
2011-04-03T00:00:00,21001143,CLE,107,A
2011-04-03T00:00:00,21001144,TOR,102,H
2011-04-03T00:00:00,21001144,ORL,98,A
2011-04-03T00:00:00,21001145,SAC,106,H
2011-04-03T00:00:00,21001145,UTA,97,A
2011-04-03T00:00:00,21001146,HOU,114,H
2011-04-03T00:00:00,21001146,ATL,109,A
2011-04-03T00:00:00,21001147,NOH,108,H
2011-04-03T00:00:00,21001147,IND,96,A
2011-04-03T00:00:00,21001148,POR,104,H
2011-04-03T00:00:00,21001148,DAL,96,A
2011-04-05T00:00:00,21001149,ATL,90,H
2011-04-05T00:00:00,21001149,SAS,97,A
2011-04-05T00:00:00,21001150,CLE,99,H
2011-04-05T00:00:00,21001150,CHA,89,A
2011-04-05T00:00:00,21001151,NJN,107,H
2011-04-05T00:00:00,21001151,MIN,105,A
2011-04-05T00:00:00,21001152,ORL,78,H
2011-04-05T00:00:00,21001152,MIL,72,A
2011-04-05T00:00:00,21001153,WAS,107,H
2011-04-05T00:00:00,21001153,DET,105,A
2011-04-05T00:00:00,21001154,BOS,99,H
2011-04-05T00:00:00,21001154,PHI,82,A
2011-04-05T00:00:00,21001155,NYK,131,H
2011-04-05T00:00:00,21001155,TOR,118,A
2011-04-05T00:00:00,21001156,CHI,97,H
2011-04-05T00:00:00,21001156,PHX,94,A
2011-04-05T00:00:00,21001157,MEM,81,H
2011-04-05T00:00:00,21001157,LAC,82,A
2011-04-05T00:00:00,21001158,HOU,101,H
2011-04-05T00:00:00,21001158,SAC,104,A
2011-04-05T00:00:00,21001159,DEN,94,H
2011-04-05T00:00:00,21001159,OKC,101,A
2011-04-05T00:00:00,21001160,POR,87,H
2011-04-05T00:00:00,21001160,GSW,108,A
2011-04-05T00:00:00,21001161,LAL,85,H
2011-04-05T00:00:00,21001161,UTA,86,A
2011-04-06T00:00:00,21001162,CHA,102,H
2011-04-06T00:00:00,21001162,ORL,111,A
2011-04-06T00:00:00,21001163,IND,136,H
2011-04-06T00:00:00,21001163,WAS,112,A
2011-04-06T00:00:00,21001164,MIA,85,H
2011-04-06T00:00:00,21001164,MIL,90,A
2011-04-06T00:00:00,21001165,PHI,92,H
2011-04-06T00:00:00,21001165,NYK,97,A
2011-04-06T00:00:00,21001166,TOR,96,H
2011-04-06T00:00:00,21001166,CLE,104,A
2011-04-06T00:00:00,21001167,DET,116,H
2011-04-06T00:00:00,21001167,NJN,109,A
2011-04-06T00:00:00,21001168,MIN,98,H
2011-04-06T00:00:00,21001168,PHX,108,A
2011-04-06T00:00:00,21001169,NOH,101,H
2011-04-06T00:00:00,21001169,HOU,93,A
2011-04-06T00:00:00,21001170,OKC,112,H
2011-04-06T00:00:00,21001170,LAC,108,A
2011-04-06T00:00:00,21001171,SAS,124,H
2011-04-06T00:00:00,21001171,SAC,92,A
2011-04-06T00:00:00,21001172,DAL,96,H
2011-04-06T00:00:00,21001172,DEN,104,A
2011-04-06T00:00:00,21001173,GSW,95,H
2011-04-06T00:00:00,21001173,LAL,87,A
2011-04-07T00:00:00,21001174,CHI,97,H
2011-04-07T00:00:00,21001174,BOS,81,A
2011-04-07T00:00:00,21001175,UTA,87,H
2011-04-07T00:00:00,21001175,POR,98,A
2011-04-08T00:00:00,21001176,IND,114,H
2011-04-08T00:00:00,21001176,ATL,102,A
2011-04-08T00:00:00,21001177,NJN,93,H
2011-04-08T00:00:00,21001177,NYK,116,A
2011-04-08T00:00:00,21001178,PHI,98,H
2011-04-08T00:00:00,21001178,TOR,93,A
2011-04-08T00:00:00,21001179,BOS,104,H
2011-04-08T00:00:00,21001179,WAS,88,A
2011-04-08T00:00:00,21001180,CLE,82,H
2011-04-08T00:00:00,21001180,CHI,93,A
2011-04-08T00:00:00,21001181,DET,110,H
2011-04-08T00:00:00,21001181,MIL,100,A
2011-04-08T00:00:00,21001182,MIA,112,H
2011-04-08T00:00:00,21001182,CHA,103,A
2011-04-08T00:00:00,21001183,MEM,101,H
2011-04-08T00:00:00,21001183,SAC,96,A
2011-04-08T00:00:00,21001184,NOH,109,H
2011-04-08T00:00:00,21001184,PHX,97,A
2011-04-08T00:00:00,21001185,OKC,104,H
2011-04-08T00:00:00,21001185,DEN,89,A
2011-04-08T00:00:00,21001186,DAL,107,H
2011-04-08T00:00:00,21001186,LAC,96,A
2011-04-08T00:00:00,21001187,POR,93,H
2011-04-08T00:00:00,21001187,LAL,86,A
2011-04-09T00:00:00,21001188,WAS,115,H
2011-04-09T00:00:00,21001188,ATL,83,A
2011-04-09T00:00:00,21001189,HOU,99,H
2011-04-09T00:00:00,21001189,LAC,78,A
2011-04-09T00:00:00,21001190,MIL,108,H
2011-04-09T00:00:00,21001190,CLE,101,A
2011-04-09T00:00:00,21001191,SAS,111,H
2011-04-09T00:00:00,21001191,UTA,102,A
2011-04-09T00:00:00,21001192,DEN,130,H
2011-04-09T00:00:00,21001192,MIN,106,A
2011-04-10T00:00:00,21001193,ORL,99,H
2011-04-10T00:00:00,21001193,CHI,102,A
2011-04-10T00:00:00,21001194,MIA,100,H
2011-04-10T00:00:00,21001194,BOS,77,A
2011-04-10T00:00:00,21001195,CHA,101,H
2011-04-10T00:00:00,21001195,DET,112,A
2011-04-10T00:00:00,21001196,TOR,99,H
2011-04-10T00:00:00,21001196,NJN,92,A
2011-04-10T00:00:00,21001197,MEM,111,H
2011-04-10T00:00:00,21001197,NOH,89,A
2011-04-10T00:00:00,21001198,IND,109,H
2011-04-10T00:00:00,21001198,NYK,110,A
2011-04-10T00:00:00,21001199,DAL,115,H
2011-04-10T00:00:00,21001199,PHX,90,A
2011-04-10T00:00:00,21001200,GSW,103,H
2011-04-10T00:00:00,21001200,SAC,104,A
2011-04-10T00:00:00,21001201,LAL,106,H
2011-04-10T00:00:00,21001201,OKC,120,A
2011-04-11T00:00:00,21001202,ATL,90,H
2011-04-11T00:00:00,21001202,MIA,98,A
2011-04-11T00:00:00,21001203,NJN,103,H
2011-04-11T00:00:00,21001203,CHA,105,A
2011-04-11T00:00:00,21001204,PHI,85,H
2011-04-11T00:00:00,21001204,ORL,95,A
2011-04-11T00:00:00,21001205,WAS,95,H
2011-04-11T00:00:00,21001205,BOS,94,A
2011-04-11T00:00:00,21001206,DET,101,H
2011-04-11T00:00:00,21001206,CLE,110,A
2011-04-11T00:00:00,21001207,MIL,93,H
2011-04-11T00:00:00,21001207,TOR,86,A
2011-04-11T00:00:00,21001208,NOH,78,H
2011-04-11T00:00:00,21001208,UTA,90,A
2011-04-11T00:00:00,21001209,HOU,91,H
2011-04-11T00:00:00,21001209,DAL,98,A
2011-04-11T00:00:00,21001210,DEN,134,H
2011-04-11T00:00:00,21001210,GSW,111,A
2011-04-11T00:00:00,21001211,PHX,135,H
2011-04-11T00:00:00,21001211,MIN,127,A
2011-04-11T00:00:00,21001212,SAC,112,H
2011-04-11T00:00:00,21001212,OKC,120,A
2011-04-12T00:00:00,21001213,NYK,90,H
2011-04-12T00:00:00,21001213,CHI,103,A
2011-04-12T00:00:00,21001214,POR,102,H
2011-04-12T00:00:00,21001214,MEM,89,A
2011-04-12T00:00:00,21001215,LAL,102,H
2011-04-12T00:00:00,21001215,SAS,93,A
2011-04-13T00:00:00,21001216,BOS,112,H
2011-04-13T00:00:00,21001216,NYK,102,A
2011-04-13T00:00:00,21001217,CHA,96,H
2011-04-13T00:00:00,21001217,ATL,85,A
2011-04-13T00:00:00,21001218,CLE,100,H
2011-04-13T00:00:00,21001218,WAS,93,A
2011-04-13T00:00:00,21001219,ORL,92,H
2011-04-13T00:00:00,21001219,IND,74,A
2011-04-13T00:00:00,21001220,PHI,100,H
2011-04-13T00:00:00,21001220,DET,104,A
2011-04-13T00:00:00,21001221,TOR,79,H
2011-04-13T00:00:00,21001221,MIA,97,A
2011-04-13T00:00:00,21001222,CHI,97,H
2011-04-13T00:00:00,21001222,NJN,92,A
2011-04-13T00:00:00,21001223,DAL,121,H
2011-04-13T00:00:00,21001223,NOH,89,A
2011-04-13T00:00:00,21001224,MIN,102,H
2011-04-13T00:00:00,21001224,HOU,121,A
2011-04-13T00:00:00,21001225,OKC,106,H
2011-04-13T00:00:00,21001225,MIL,110,A
2011-04-13T00:00:00,21001226,UTA,107,H
2011-04-13T00:00:00,21001226,DEN,103,A
2011-04-13T00:00:00,21001227,GSW,110,H
2011-04-13T00:00:00,21001227,POR,86,A
2011-04-13T00:00:00,21001228,LAC,110,H
2011-04-13T00:00:00,21001228,MEM,103,A
2011-04-13T00:00:00,21001229,PHX,106,H
2011-04-13T00:00:00,21001229,SAS,103,A
2011-04-13T00:00:00,21001230,SAC,108,H
2011-04-13T00:00:00,21001230,LAL,116,A
